commit,faults,path,CountRecursiveCalls,CountNestedDepth,CountNestedMethods,CountFunctions,IsFunction,CountFunctionParameters,CountHigherOrderCalls,CountFunctionCalls,CountCurrying,CountPatternMatching,CountLazyValues,CountParameterLists,FunctionalScoreCount,CountVariables,CountVariableDefinitions,CountInnerVariableAssignment,CountOuterVariableUsage,CountOuterVariableAssignment,CountSideEffects,IsSideEffect,CountSideEffectCalls,CountSideEffectFunctions,ImperativeScoreCount,HasPointsCount,ParadigmScoreCount
HEAD,0,package util - object HttpClientUtil,0.0,0.0,0.0,1.6666666666666667,0.0,0.3333333333333333,1.0,0.3333333333333333,0.0,0.0,0.0,0.3333333333333333,3.6666666666666665,0.0,0.0,0.0,0.0,0.0,1.3333333333333333,0.0,1.0,0.6666666666666666,3.0,0.3333333333333333,0.0
HEAD,0,package activity - class CreateRepositoryInfo,0.0,0.0,0.0,0.0,0.0,0.0,0.0,0.0,0.0,0.0,0.0,0.0,0.0,0.0,0.0,0.0,0.0,0.0,0.0,0.0,0.0,0.0,0.0,0.0,0.0
HEAD,0,package activity - class DeleteRepositoryInfo,0.0,0.0,0.0,0.0,0.0,0.0,0.0,0.0,0.0,0.0,0.0,0.0,0.0,0.0,0.0,0.0,0.0,0.0,0.0,0.0,0.0,0.0,0.0,0.0,0.0
HEAD,0,package activity - class TransferRepositoryInfo,0.0,0.0,0.0,0.0,0.0,0.0,0.0,0.0,0.0,0.0,0.0,0.0,0.0,0.0,0.0,0.0,0.0,0.0,0.0,0.0,0.0,0.0,0.0,0.0,0.0
HEAD,0,package activity - class RenameRepositoryInfo,0.0,0.0,0.0,0.0,0.0,0.0,0.0,0.0,0.0,0.0,0.0,0.0,0.0,0.0,0.0,0.0,0.0,0.0,0.0,0.0,0.0,0.0,0.0,0.0,0.0
HEAD,0,package plugin - object Sessions,0.0,0.0,0.0,0.0,0.0,0.0,0.0,0.0,0.0,0.0,0.0,0.0,0.0,0.0,0.0,0.0,0.0,0.0,0.0,0.0,0.0,0.0,0.0,0.0,0.0
HEAD,5,package controller - trait IssuesControllerBase,0.0,0.0,0.0,0.75,0.0,0.25,0.5,0.0,0.0,0.25,0.0,0.75,2.5,0.0,0.0,0.0,0.0,0.0,0.25,0.0,0.0,0.0,0.25,0.75,0.5
HEAD,0,package api - object ApiMilestone,0.0,0.0,0.0,0.0,0.0,0.0,0.0,0.0,0.0,0.0,0.0,0.0,0.0,0.0,0.0,0.0,0.0,0.0,0.0,0.0,0.0,0.0,0.0,0.0,0.0
HEAD,11,package util - object JGitUtil,0.0,0.0,0.12962962962962962,1.8703703703703705,0.0,0.09259259259259259,1.6296296296296295,0.09259259259259259,0.0,0.25925925925925924,0.0,0.09259259259259259,4.166666666666667,0.3148148148148148,0.07407407407407407,0.07407407407407407,0.0,0.0,2.388888888888889,0.07407407407407407,1.3333333333333333,0.09259259259259259,4.351851851851852,0.8333333333333334,0.2777777777777778
HEAD,0,package util - object JGitUtil - class CommitInfo,0.0,0.0,0.0,0.0,0.0,0.0,0.0,0.0,0.0,0.0,0.0,0.0,0.0,0.0,0.0,0.0,0.0,0.0,0.0,0.0,0.0,0.0,0.0,0.0,0.0
HEAD,0,package util - object AuthUtil,0.0,0.0,0.0,0.0,0.0,0.0,0.0,0.0,0.0,0.0,0.0,0.0,0.0,0.0,0.0,0.0,0.0,0.0,0.5,0.5,0.0,0.0,1.0,0.5,-0.5
HEAD,2,package service - trait MilestonesService,0.0,0.0,0.0,0.0,0.0,0.0,0.0,0.0,0.0,0.1111111111111111,0.0,1.0,1.1111111111111112,0.0,0.0,0.0,0.0,0.0,0.4444444444444444,0.4444444444444444,0.0,0.0,0.8888888888888888,1.0,0.5555555555555556
HEAD,3,package servlet - class GitRepositoryServlet,0.0,0.0,0.0,0.0,0.0,0.0,0.0,0.0,0.0,0.75,0.0,0.25,1.0,0.0,0.0,0.0,0.0,0.0,3.0,0.75,0.0,0.0,3.75,1.0,-0.25
HEAD,1,package servlet - class GitBucketRepositoryResolver,0.0,0.0,0.0,1.0,0.0,0.0,1.0,0.0,0.0,1.0,0.0,0.0,3.0,0.0,0.0,0.0,0.0,0.0,0.0,0.0,0.0,0.0,0.0,1.0,1.0
HEAD,0,package servlet - class GitBucketReceivePackFactory,0.0,0.0,0.0,0.0,0.0,0.0,0.0,0.0,0.0,0.0,0.0,0.0,0.0,0.0,0.0,0.0,0.0,0.0,14.0,0.0,6.0,0.0,20.0,1.0,-1.0
HEAD,7,package servlet - class CommitLogHook,0.0,0.0,0.0,0.0,0.0,0.0,0.0,0.0,0.0,1.5,0.0,0.0,1.5,0.0,0.0,0.5,0.0,0.0,0.5,0.5,0.5,0.0,2.0,0.75,0.25
HEAD,1,package servlet - class WikiCommitHook,0.0,0.0,0.0,0.0,0.0,0.0,0.0,0.0,0.0,3.0,0.0,0.0,3.0,0.0,0.0,0.0,0.0,0.0,1.0,0.3333333333333333,0.6666666666666666,0.0,2.0,1.0,0.0
HEAD,3,package ssh - class GitCommand,0.0,0.0,0.0,0.0,0.0,0.0,0.0,0.0,0.0,0.1111111111111111,0.0,0.0,0.1111111111111111,1.2222222222222223,0.0,0.0,0.6666666666666666,0.5555555555555556,2.4444444444444446,0.8888888888888888,1.1111111111111112,0.1111111111111111,7.0,1.0,-0.8888888888888888
HEAD,0,package ssh - class DefaultGitCommand,0.0,0.0,0.0,0.0,0.0,0.0,0.0,0.0,0.0,2.3333333333333335,0.0,0.6666666666666666,3.0,0.0,0.0,0.0,0.0,0.0,0.0,0.0,0.0,0.0,0.0,1.0,1.0
HEAD,2,package ssh - class DefaultGitUploadPack,0.0,0.0,0.0,1.0,0.0,0.0,1.0,0.0,0.0,0.0,0.0,0.0,2.0,3.0,0.0,0.0,3.0,0.0,7.0,1.0,2.0,1.0,17.0,1.0,0.0
HEAD,2,package ssh - class DefaultGitReceivePack,0.0,0.0,0.0,1.0,0.0,0.0,1.0,0.0,0.0,0.0,0.0,0.0,2.0,3.0,0.0,0.0,3.0,0.0,12.0,1.0,4.0,1.0,24.0,1.0,0.0
HEAD,2,package ssh - class PluginGitUploadPack,0.0,0.0,0.0,1.0,0.0,0.0,1.0,0.0,0.0,0.0,0.0,0.0,2.0,3.0,0.0,0.0,3.0,0.0,8.0,1.0,2.0,1.0,18.0,1.0,0.0
HEAD,2,package ssh - class PluginGitReceivePack,0.0,0.0,0.0,1.0,0.0,0.0,1.0,0.0,0.0,0.0,0.0,0.0,2.0,3.0,0.0,0.0,3.0,0.0,8.0,1.0,2.0,1.0,18.0,1.0,0.0
HEAD,0,package ssh - class GitCommandFactory,0.0,0.0,0.0,1.3333333333333333,0.0,0.0,0.6666666666666666,0.3333333333333333,0.0,0.6666666666666666,0.0,0.0,3.0,0.0,0.0,0.0,0.0,0.0,0.3333333333333333,0.0,0.3333333333333333,0.0,0.6666666666666666,0.3333333333333333,0.0
HEAD,0,package ssh - object PublicKeyAuthenticator,0.0,0.0,0.0,0.0,0.0,0.0,0.0,0.0,0.0,0.0,0.0,0.0,0.0,0.0,0.0,0.0,0.0,0.0,0.5,0.5,0.0,0.0,1.0,0.5,-0.5
HEAD,0,package ssh - object PublicKeyAuthenticator - object AuthType,0.0,0.0,0.0,0.0,0.0,0.0,0.0,0.0,0.0,1.0,0.0,0.0,1.0,0.0,0.0,0.0,0.0,0.0,0.0,0.0,0.0,0.0,0.0,1.0,1.0
HEAD,0,package ssh - class PublicKeyAuthenticator,0.0,0.0,0.0,0.0,0.0,0.0,0.0,0.0,0.0,0.3333333333333333,0.0,0.6666666666666666,1.0,0.0,0.0,0.0,0.0,0.0,1.6666666666666667,0.0,1.0,0.0,2.6666666666666665,0.6666666666666666,0.3333333333333333
HEAD,2,package api - trait ApiPullRequestControllerBase,0.0,0.0,0.0,3.0,0.0,0.0,3.0,0.0,0.0,4.0,0.0,0.0,10.0,0.0,0.0,0.0,0.0,0.0,0.0,0.0,0.0,0.0,0.0,1.0,1.0
HEAD,0,package controller - trait ValidationSupport,0.0,0.0,0.0,0.7272727272727273,0.0,0.7272727272727273,0.0,0.0,0.0,0.09090909090909091,0.0,0.7272727272727273,2.272727272727273,0.0,0.0,0.09090909090909091,0.0,0.0,0.0,0.0,0.09090909090909091,0.0,0.18181818181818182,0.9090909090909091,0.7272727272727273
HEAD,14,package controller - trait AccountControllerBase,0.0,0.0,0.8181818181818182,0.8181818181818182,0.0,0.0,0.8181818181818182,0.0,0.0,0.45454545454545453,0.0,0.0,2.909090909090909,0.0,0.0,0.0,0.0,0.0,0.0,0.0,0.0,0.0,0.0,0.9090909090909091,0.9090909090909091
HEAD,0,package controller - trait AccountControllerBase - method accountWebHook - <$anon: <error>>,0.0,0.0,0.0,0.0,0.0,0.0,0.0,0.0,0.0,0.0,0.0,0.0,0.0,0.0,0.0,0.0,0.0,0.0,0.0,0.0,0.0,0.0,0.0,0.0,0.0
HEAD,0,package controller - trait AccountControllerBase - method accountWebhookEvents - <$anon: <error>>,0.0,0.0,0.0,1.0,0.0,0.0,1.0,0.0,0.0,0.0,0.0,0.0,2.0,0.0,0.0,0.0,0.0,0.0,0.0,0.0,0.0,0.0,0.0,0.5,0.5
HEAD,0,package controller - trait AccountControllerBase - method existsAccount - <$anon: <error>>,0.0,0.0,0.0,0.0,0.0,0.0,0.0,0.0,0.0,0.0,0.0,0.0,0.0,0.0,0.0,0.0,0.0,0.0,0.0,0.0,0.0,0.0,0.0,0.0,0.0
HEAD,0,package controller - trait AccountControllerBase - method uniqueRepository - <$anon: <error>>,0.0,0.0,0.0,2.0,0.0,0.0,2.0,0.0,0.0,1.0,0.0,0.0,5.0,0.0,0.0,0.0,0.0,0.0,0.0,0.0,0.0,0.0,0.0,1.0,1.0
HEAD,0,package controller - trait AccountControllerBase - method members - <$anon: <error>>,0.0,0.0,0.0,1.0,0.0,0.0,1.0,0.0,0.0,1.0,0.0,0.0,3.0,0.0,0.0,0.0,0.0,0.0,0.0,0.0,0.0,0.0,0.0,1.0,1.0
HEAD,0,package controller - trait AccountControllerBase - method validPublicKey - <$anon: <error>>,0.0,0.0,0.0,1.0,0.0,0.0,1.0,0.0,0.0,1.0,0.0,0.0,3.0,0.0,0.0,0.0,0.0,0.0,0.0,0.0,0.0,0.0,0.0,1.0,1.0
HEAD,0,package controller - trait AccountControllerBase - method validGpgPublicKey - <$anon: <error>>,0.0,0.0,0.0,0.0,0.0,0.0,0.0,0.0,0.0,1.0,0.0,0.0,1.0,0.0,0.0,0.0,0.0,0.0,0.0,0.0,0.0,0.0,0.0,1.0,1.0
HEAD,0,package controller - trait AccountControllerBase - method validAccountName - <$anon: <error>>,0.0,0.0,0.0,0.0,0.0,0.0,0.0,0.0,0.0,1.0,0.0,0.0,1.0,0.0,0.0,0.0,0.0,0.0,0.0,0.0,0.0,0.0,0.0,1.0,1.0
HEAD,0,package util - trait OneselfAuthenticator,0.0,0.0,0.0,1.3333333333333333,0.3333333333333333,0.3333333333333333,0.0,0.3333333333333333,0.0,0.3333333333333333,0.0,0.0,2.6666666666666665,0.0,0.0,0.0,0.0,0.0,0.0,0.0,0.0,0.0,0.0,0.6666666666666666,0.6666666666666666
HEAD,0,package util - trait OwnerAuthenticator,0.0,0.0,0.0,4.333333333333333,0.3333333333333333,1.0,1.0,0.3333333333333333,0.0,0.3333333333333333,0.0,0.0,7.333333333333333,0.0,0.0,0.0,0.0,0.0,0.0,0.0,0.0,0.0,0.0,1.0,1.0
HEAD,0,package util - trait UsersAuthenticator,0.0,0.0,0.0,1.3333333333333333,0.3333333333333333,0.3333333333333333,0.0,0.3333333333333333,0.0,0.3333333333333333,0.0,0.0,2.6666666666666665,0.0,0.0,0.0,0.0,0.0,0.0,0.0,0.0,0.0,0.0,0.6666666666666666,0.6666666666666666
HEAD,0,package util - trait AdminAuthenticator,0.0,0.0,0.0,1.3333333333333333,0.3333333333333333,0.3333333333333333,0.0,0.3333333333333333,0.0,0.3333333333333333,0.0,0.0,2.6666666666666665,0.0,0.0,0.0,0.0,0.0,0.0,0.0,0.0,0.0,0.0,0.6666666666666666,0.6666666666666666
HEAD,1,package util - trait ReferrerAuthenticator,0.0,0.0,0.0,3.0,0.3333333333333333,1.0,0.6666666666666666,0.3333333333333333,0.0,0.0,0.0,0.0,5.333333333333333,0.0,0.0,0.0,0.0,0.0,0.0,0.0,0.0,0.0,0.0,1.0,1.0
HEAD,0,package util - trait ReadableUsersAuthenticator,0.0,0.0,0.0,3.0,0.3333333333333333,1.0,0.6666666666666666,0.3333333333333333,0.0,0.0,0.0,0.0,5.333333333333333,0.0,0.0,0.0,0.0,0.0,0.0,0.0,0.0,0.0,0.0,1.0,1.0
HEAD,0,package util - trait WritableUsersAuthenticator,0.0,0.0,0.0,4.333333333333333,0.3333333333333333,1.0,1.0,0.3333333333333333,0.0,0.3333333333333333,0.0,0.0,7.333333333333333,0.0,0.0,0.0,0.0,0.0,0.0,0.0,0.0,0.0,0.0,1.0,1.0
HEAD,2,package util - trait GroupManagerAuthenticator,0.0,0.0,0.0,1.6666666666666667,0.3333333333333333,0.3333333333333333,0.3333333333333333,0.3333333333333333,0.0,0.3333333333333333,0.0,0.0,3.3333333333333335,0.0,0.0,0.0,0.0,0.0,0.0,0.0,0.0,0.0,0.0,0.6666666666666666,0.6666666666666666
HEAD,0,package api - object ApiPersonIdent,0.0,0.0,0.0,0.0,0.0,0.0,0.0,0.0,0.0,0.0,0.0,0.0,0.0,0.0,0.0,0.0,0.0,0.0,0.0,0.0,0.0,0.0,0.0,0.0,0.0
HEAD,4,package controller - trait IndexControllerBase,0.0,0.0,0.0,0.0,0.0,0.0,0.0,0.0,0.0,0.0,0.0,0.0,0.0,0.0,0.0,0.0,0.0,0.0,4.0,0.0,1.0,0.0,5.0,1.0,-1.0
HEAD,0,package model - trait GroupMemberComponent - class GroupMembers,0.0,0.0,0.0,0.0,0.0,0.0,0.0,0.0,0.0,0.0,0.0,0.0,0.0,0.0,0.0,0.0,0.0,0.0,0.0,0.0,0.0,0.0,0.0,0.0,0.0
HEAD,0,package service - object WikiService,0.0,0.0,0.0,0.0,0.0,0.0,0.0,0.0,0.0,0.0,0.0,1.0,1.0,0.0,0.0,0.0,0.0,0.0,0.0,0.0,0.0,0.0,0.0,1.0,1.0
HEAD,2,package service - trait WikiService,0.0,0.0,0.0,3.5,0.0,0.0,3.5,0.0,0.0,0.5,0.0,0.0,7.5,2.3333333333333335,0.6666666666666666,0.6666666666666666,0.0,0.0,6.333333333333333,0.3333333333333333,3.3333333333333335,0.6666666666666666,14.333333333333334,1.0,0.16666666666666666
HEAD,0,package plugin - trait TextDecorator,0.0,0.0,0.0,0.0,0.0,0.0,0.0,0.0,0.0,0.0,0.0,1.0,1.0,0.0,0.0,0.0,0.0,0.0,0.0,0.0,0.0,0.0,0.0,1.0,1.0
HEAD,0,package service - trait GpgKeyService,0.0,0.0,0.0,0.0,0.0,0.0,0.0,0.0,0.0,0.3333333333333333,0.0,1.0,1.3333333333333333,0.0,0.0,0.0,0.0,0.0,0.6666666666666666,0.6666666666666666,0.0,0.0,1.3333333333333333,1.0,0.3333333333333333
HEAD,0,package api - object ApiCommit,0.0,0.0,0.0,3.0,0.0,0.0,3.0,0.0,0.0,0.0,0.0,0.0,6.0,0.0,0.0,0.0,0.0,0.0,0.0,0.0,0.0,0.0,0.0,1.0,1.0
HEAD,12,package controller - trait PullRequestsControllerBase,0.0,0.0,0.0,1.0,0.0,0.0,1.0,0.0,0.0,0.25,0.0,0.5,2.75,0.0,0.0,0.0,0.0,0.0,0.0,0.0,0.0,0.0,0.0,0.75,0.75
HEAD,0,package api - object ApiComment,0.0,0.0,0.0,0.0,0.0,0.0,0.0,0.0,0.0,0.0,0.0,0.0,0.0,0.0,0.0,0.0,0.0,0.0,0.0,0.0,0.0,0.0,0.0,0.0,0.0
HEAD,8,package view - trait LinkConverter,0.0,0.0,0.0,3.3333333333333335,0.0,0.0,3.3333333333333335,0.0,0.0,1.6666666666666667,0.0,1.0,9.333333333333334,0.0,0.0,0.0,0.0,0.0,0.0,0.0,0.0,0.0,0.0,1.0,1.0
HEAD,3,package servlet - class TransactionFilter,0.0,0.0,0.0,0.0,0.0,0.0,0.0,0.0,0.0,0.0,0.0,0.0,0.0,0.0,0.0,0.0,0.0,0.0,2.3333333333333335,1.0,0.0,0.0,3.3333333333333335,1.0,-1.0
HEAD,1,package servlet - object Database,0.0,0.0,0.0,0.0,0.0,0.0,0.0,0.0,0.0,0.0,0.0,0.0,0.0,0.0,0.0,0.0,0.0,0.0,0.3333333333333333,0.3333333333333333,0.0,0.0,0.6666666666666666,0.3333333333333333,-0.3333333333333333
HEAD,1,package api - trait ApiGitReferenceControllerBase,0.0,0.0,0.0,1.5,0.0,0.0,1.5,0.0,0.0,1.5,0.0,0.0,4.5,0.0,0.0,0.0,0.0,0.0,1.0,0.0,1.0,0.0,2.0,0.5,0.0
HEAD,0,package util - object EditorConfigUtil,0.0,0.0,0.0,0.0,0.0,0.0,0.0,0.0,0.0,2.0,0.0,0.0,2.0,0.0,0.0,0.0,0.0,0.0,0.0,0.0,0.0,0.0,0.0,1.0,1.0
HEAD,0,package util - object EditorConfigUtil - class JGitResource,0.0,0.0,0.0,0.42857142857142855,0.0,0.0,0.42857142857142855,0.0,0.0,0.0,0.0,0.0,0.8571428571428571,0.0,0.0,0.0,0.0,0.0,0.0,0.0,0.0,0.0,0.0,0.42857142857142855,0.42857142857142855
HEAD,0,package util - object EditorConfigUtil - class JGitResourcePath,0.0,0.0,0.0,0.0,0.0,0.0,0.0,0.0,0.0,0.2,0.0,0.0,0.2,0.0,0.0,0.0,0.0,0.0,0.0,0.0,0.0,0.0,0.0,0.2,0.2
HEAD,0,package util - object EditorConfigUtil - object JGitResourcePath,0.0,0.0,0.0,0.0,0.0,0.0,0.0,0.0,0.0,0.0,0.0,0.0,0.0,0.0,0.0,0.0,0.0,0.0,0.0,0.0,0.0,0.0,0.0,0.0,0.0
HEAD,1,package util - object GpgUtil,0.0,0.0,0.0,0.0,0.0,0.0,0.0,0.0,0.0,1.3333333333333333,0.0,0.6666666666666666,2.0,0.0,0.0,0.0,0.0,0.0,0.0,0.0,0.0,0.0,0.0,1.0,1.0
HEAD,22,package controller - trait RepositoryViewerControllerBase,0.0,0.0,0.2,1.6,0.0,0.0,1.4,0.1,0.0,0.5,0.0,0.2,4.0,0.3,0.1,0.1,0.0,0.0,3.2,0.2,0.8,0.2,4.9,0.8,0.5
HEAD,0,package controller - trait RepositoryViewerControllerBase - method conflict - <$anon: <error>>,0.0,0.0,0.0,0.0,0.0,0.0,0.0,0.0,0.0,0.0,0.0,0.0,0.0,0.0,0.0,0.0,0.0,0.0,0.0,0.0,0.0,0.0,0.0,0.0,0.0
HEAD,0,package api - object ApiCommitListItem,0.0,0.0,0.0,1.0,0.0,0.0,1.0,0.0,0.0,0.0,0.0,0.0,2.0,0.0,0.0,0.0,0.0,0.0,0.0,0.0,0.0,0.0,0.0,1.0,1.0
HEAD,0,package api - class CreateAStatus,0.0,0.0,0.0,3.0,0.0,0.0,3.0,0.0,0.0,0.0,0.0,0.0,6.0,0.0,0.0,0.0,0.0,0.0,0.0,0.0,0.0,0.0,0.0,1.0,1.0
HEAD,1,package controller - trait DashboardControllerBase,0.0,0.0,0.0,0.3333333333333333,0.0,0.0,0.3333333333333333,0.0,0.0,1.0,0.0,0.0,1.6666666666666667,0.0,0.0,0.0,0.0,0.0,0.0,0.0,0.0,0.0,0.0,1.0,1.0
HEAD,0,package util - object ConfigUtil,0.0,0.0,0.0,0.0,0.0,0.0,0.0,0.0,0.0,0.0,0.0,1.0,1.0,0.0,0.0,0.0,0.0,0.0,0.0,0.0,0.0,0.0,0.0,1.0,1.0
HEAD,0,package service - trait ProtectedBranchService,0.0,0.0,0.0,0.2,0.0,0.0,0.2,0.0,0.0,0.6,0.0,1.0,2.0,0.0,0.0,0.0,0.0,0.0,1.0,0.4,0.0,0.0,1.4,1.0,0.6
HEAD,0,package service - object ProtectedBranchService - class ProtectedBranchReceiveHook,0.0,0.0,0.0,0.0,0.0,0.0,0.0,0.0,0.0,0.0,0.0,1.0,1.0,0.0,0.0,0.0,0.0,0.0,0.0,0.0,0.0,0.0,0.0,1.0,1.0
HEAD,2,package service - object ProtectedBranchService - class ProtectedBranchInfo,0.0,0.0,0.0,0.0,0.0,0.0,0.0,0.0,0.0,1.0,0.0,1.0,2.0,0.0,0.0,0.0,0.0,0.0,0.0,0.0,0.0,0.0,0.0,1.0,1.0
HEAD,0,package service - object ProtectedBranchService - object ProtectedBranchInfo,0.0,0.0,0.0,0.0,0.0,0.0,0.0,0.0,0.0,0.0,0.0,0.0,0.0,0.0,0.0,0.0,0.0,0.0,0.0,0.0,0.0,0.0,0.0,0.0,0.0
HEAD,0,package <empty> - object Checksums,0.0,0.0,0.25,0.25,0.0,0.0,0.25,0.0,0.0,0.0,0.0,0.0,0.75,0.0,0.0,0.0,0.0,0.0,2.5,0.25,1.0,0.0,3.75,0.75,0.0
HEAD,0,package model - trait RepositoryWebHookComponent - class RepositoryWebHooks,0.0,0.0,0.0,0.0,0.0,0.0,0.0,0.0,0.0,0.0,0.0,0.0,0.0,0.0,0.0,0.0,0.0,0.0,0.0,0.0,0.0,0.0,0.0,0.0,0.0
HEAD,0,package activity - class CreateWikiPageInfo,0.0,0.0,0.0,0.0,0.0,0.0,0.0,0.0,0.0,0.0,0.0,0.0,0.0,0.0,0.0,0.0,0.0,0.0,0.0,0.0,0.0,0.0,0.0,0.0,0.0
HEAD,0,package activity - class EditWikiPageInfo,0.0,0.0,0.0,0.0,0.0,0.0,0.0,0.0,0.0,0.0,0.0,0.0,0.0,0.0,0.0,0.0,0.0,0.0,0.0,0.0,0.0,0.0,0.0,0.0,0.0
HEAD,0,package activity - class DeleteWikiInfo,0.0,0.0,0.0,0.0,0.0,0.0,0.0,0.0,0.0,0.0,0.0,0.0,0.0,0.0,0.0,0.0,0.0,0.0,0.0,0.0,0.0,0.0,0.0,0.0,0.0
HEAD,0,package model - trait AccountComponent - class Accounts,0.0,0.0,0.0,0.0,0.0,0.0,0.0,0.0,0.0,0.0,0.0,0.0,0.0,0.0,0.0,0.0,0.0,0.0,0.0,0.0,0.0,0.0,0.0,0.0,0.0
HEAD,0,package plugin - object Images,0.0,0.0,0.0,0.0,0.0,0.0,0.0,0.0,0.0,0.0,0.0,0.0,0.0,0.0,0.0,0.0,0.0,0.0,0.0,0.0,0.0,0.0,0.0,0.0,0.0
HEAD,2,package util - object StringUtil,0.0,0.0,0.043478260869565216,0.34782608695652173,0.0,0.0,0.30434782608695654,0.0,0.0,0.13043478260869565,0.08695652173913043,0.0,0.9130434782608695,0.0,0.0,0.0,0.0,0.0,0.21739130434782608,0.0,0.21739130434782608,0.0,0.43478260869565216,0.5217391304347826,0.2608695652173913
HEAD,1,package service - trait OpenIDConnectService,0.0,0.0,0.0,0.6666666666666666,0.0,0.0,0.6666666666666666,0.0,0.0,1.0,0.0,0.16666666666666666,2.5,0.0,0.0,0.0,0.0,0.0,1.1666666666666667,0.0,1.1666666666666667,0.0,2.3333333333333335,0.6666666666666666,0.16666666666666666
HEAD,0,package service - trait CommitsService,0.0,0.0,0.0,0.5555555555555556,0.0,0.0,0.5555555555555556,0.0,0.0,0.2222222222222222,0.0,0.6666666666666666,2.0,0.0,0.0,0.0,0.0,0.0,0.6666666666666666,0.2222222222222222,0.3333333333333333,0.2222222222222222,1.4444444444444444,0.8888888888888888,0.4444444444444444
HEAD,0,package api - object ApiPullRequestReviewComment,0.0,0.0,0.0,0.0,0.0,0.0,0.0,0.0,0.0,0.0,0.0,0.0,0.0,0.0,0.0,0.0,0.0,0.0,0.0,0.0,0.0,0.0,0.0,0.0,0.0
HEAD,0,package util - class Mailer,0.0,0.0,0.0,4.0,0.0,0.0,4.0,0.0,0.0,0.3333333333333333,0.0,0.0,8.333333333333334,0.0,0.0,0.0,0.0,0.0,3.6666666666666665,0.6666666666666666,2.6666666666666665,0.0,7.0,1.0,0.0
HEAD,0,package view - trait AvatarImageProvider,0.0,0.0,0.0,2.0,0.0,0.0,2.0,0.0,0.0,0.0,0.0,1.0,5.0,0.0,0.0,0.0,0.0,0.0,0.0,0.0,0.0,0.0,0.0,1.0,1.0
HEAD,0,package model - trait SshKeyComponent - class SshKeys,0.0,0.0,0.0,0.0,0.0,0.0,0.0,0.0,0.0,0.0,0.0,0.0,0.0,0.0,0.0,0.0,0.0,0.0,0.0,0.0,0.0,0.0,0.0,0.0,0.0
HEAD,0,package plugin - trait Renderer,0.0,0.0,0.0,0.0,0.0,0.0,0.0,0.0,0.0,0.0,0.0,0.0,0.0,0.0,0.0,0.0,0.0,0.0,0.0,0.0,0.0,0.0,0.0,0.0,0.0
HEAD,0,package plugin - object MarkdownRenderer,0.0,0.0,0.0,0.0,0.0,0.0,0.0,0.0,0.0,0.0,0.0,0.0,0.0,0.0,0.0,0.0,0.0,0.0,0.0,0.0,0.0,0.0,0.0,0.0,0.0
HEAD,0,package plugin - object DefaultRenderer,0.0,0.0,0.0,0.0,0.0,0.0,0.0,0.0,0.0,0.0,0.0,0.0,0.0,0.0,0.0,0.0,0.0,0.0,0.0,0.0,0.0,0.0,0.0,0.0,0.0
HEAD,0,package util - object LDAPUtil,0.0,0.0,0.1,0.2,0.0,0.1,0.0,0.1,0.0,0.5,0.0,0.1,1.1,0.0,0.0,0.0,0.0,0.0,0.5,0.0,0.1,0.0,0.6,0.5,0.4
HEAD,0,package api - object ApiRef,0.0,0.0,0.0,0.0,0.0,0.0,0.0,0.0,0.0,0.0,0.0,0.0,0.0,0.0,0.0,0.0,0.0,0.0,0.0,0.0,0.0,0.0,0.0,0.0,0.0
HEAD,0,package util - object Directory,0.0,0.0,0.0,0.0,0.0,0.0,0.0,0.0,0.0,0.0,0.0,0.0,0.0,0.0,0.0,0.0,0.0,0.0,0.0,0.0,0.0,0.0,0.0,0.0,0.0
HEAD,0,package model - trait ReleaseTagComponent - class ReleaseTags,0.0,0.0,0.0,0.0,0.0,0.0,0.0,0.0,0.0,0.0,0.0,0.0,0.0,0.0,0.0,0.0,0.0,0.0,0.0,0.0,0.0,0.0,0.0,0.0,0.0
HEAD,6,package servlet - class GitAuthenticationFilter,0.0,0.0,0.16666666666666666,0.3333333333333333,0.0,0.0,0.16666666666666666,0.0,0.0,0.8333333333333334,0.0,0.16666666666666666,1.6666666666666667,0.0,0.0,0.0,0.0,0.0,3.1666666666666665,0.8333333333333334,1.0,0.16666666666666666,5.166666666666667,1.0,-0.3333333333333333
HEAD,0,package servlet - class GitAuthenticationFilter - method doFilter - <$anon: <error>>,0.0,0.0,0.0,0.0,0.0,0.0,0.0,0.0,0.0,0.0,0.0,0.0,0.0,0.0,0.0,0.0,0.0,0.0,2.0,1.0,0.0,0.0,3.0,1.0,-1.0
HEAD,0,package model - trait TemplateComponent - trait BasicTemplate,0.0,0.0,0.0,0.0,0.0,0.0,0.0,0.0,0.0,0.0,0.0,0.0,0.0,0.0,0.0,0.0,0.0,0.0,0.0,0.0,0.0,0.0,0.0,0.0,0.0
HEAD,0,package model - trait TemplateComponent - trait IssueTemplate,0.0,0.0,0.0,0.0,0.0,0.0,0.0,0.0,0.0,0.0,0.0,0.0,0.0,0.0,0.0,0.0,0.0,0.0,0.0,0.0,0.0,0.0,0.0,0.0,0.0
HEAD,0,package model - trait TemplateComponent - trait LabelTemplate,0.0,0.0,0.0,0.0,0.0,0.0,0.0,0.0,0.0,0.0,0.0,0.0,0.0,0.0,0.0,0.0,0.0,0.0,0.0,0.0,0.0,0.0,0.0,0.0,0.0
HEAD,0,package model - trait TemplateComponent - trait PriorityTemplate,0.0,0.0,0.0,0.0,0.0,0.0,0.0,0.0,0.0,0.0,0.0,0.0,0.0,0.0,0.0,0.0,0.0,0.0,0.0,0.0,0.0,0.0,0.0,0.0,0.0
HEAD,0,package model - trait TemplateComponent - trait MilestoneTemplate,0.0,0.0,0.0,0.0,0.0,0.0,0.0,0.0,0.0,0.0,0.0,0.0,0.0,0.0,0.0,0.0,0.0,0.0,0.0,0.0,0.0,0.0,0.0,0.0,0.0
HEAD,0,package model - trait TemplateComponent - trait CommitTemplate,0.0,0.0,0.0,0.0,0.0,0.0,0.0,0.0,0.0,0.0,0.0,0.0,0.0,0.0,0.0,0.0,0.0,0.0,0.0,0.0,0.0,0.0,0.0,0.0,0.0
HEAD,0,package model - trait TemplateComponent - trait BranchTemplate,0.0,0.0,0.0,0.0,0.0,0.0,0.0,0.0,0.0,0.0,0.0,0.0,0.0,0.0,0.0,0.0,0.0,0.0,0.0,0.0,0.0,0.0,0.0,0.0,0.0
HEAD,0,package util - object LockUtil,0.0,0.0,0.0,0.0,0.0,0.0,0.0,0.0,0.0,0.0,0.0,0.5,0.5,0.0,0.0,0.0,0.0,0.0,1.5,0.0,1.0,0.0,2.5,1.0,-0.5
HEAD,0,package service - object PaginationHelper,0.0,0.0,0.0,2.0,0.0,0.0,2.0,0.0,0.0,0.0,0.0,0.0,4.0,0.0,0.0,0.0,0.0,0.0,0.0,0.0,0.0,0.0,0.0,1.0,1.0
HEAD,0,package model - trait AccountWebHookEventComponent - class AccountWebHookEvents,0.0,0.0,0.0,0.0,0.0,0.0,0.0,0.0,0.0,0.0,0.0,0.0,0.0,0.0,0.0,0.0,0.0,0.0,0.0,0.0,0.0,0.0,0.0,0.0,0.0
HEAD,0,package model - trait IssueComponent - class IssueId,0.0,0.0,0.0,0.0,0.0,0.0,0.0,0.0,0.0,0.0,0.0,0.0,0.0,0.0,0.0,0.0,0.0,0.0,0.0,0.0,0.0,0.0,0.0,0.0,0.0
HEAD,0,package model - trait IssueComponent - class IssueOutline,0.0,0.0,0.0,0.0,0.0,0.0,0.0,0.0,0.0,0.0,0.0,0.0,0.0,0.0,0.0,0.0,0.0,0.0,0.0,0.0,0.0,0.0,0.0,0.0,0.0
HEAD,0,package model - trait IssueComponent - class Issues,0.0,0.0,0.0,0.0,0.0,0.0,0.0,0.0,0.0,0.0,0.0,0.0,0.0,0.0,0.0,0.0,0.0,0.0,0.0,0.0,0.0,0.0,0.0,0.0,0.0
HEAD,0,package activity - class ReleaseInfo,0.0,0.0,0.0,0.0,0.0,0.0,0.0,0.0,0.0,0.0,0.0,0.0,0.0,0.0,0.0,0.0,0.0,0.0,0.0,0.0,0.0,0.0,0.0,0.0,0.0
HEAD,2,package servlet - class GitLfsTransferServlet,0.0,0.0,0.0,1.2,0.0,0.0,1.2,0.0,0.0,1.6,0.0,0.0,4.0,0.0,0.0,0.0,0.0,0.0,1.4,0.6,0.0,0.0,2.0,1.0,0.2
HEAD,0,package util - object RepositoryName,0.0,0.0,0.0,0.0,0.0,0.0,0.0,0.0,0.0,0.2,0.0,0.0,0.2,0.0,0.0,0.0,0.0,0.0,0.0,0.0,0.0,0.0,0.0,0.2,0.2
HEAD,0,package model - trait CollaboratorComponent - class Collaborators,0.0,0.0,0.0,0.0,0.0,0.0,0.0,0.0,0.0,0.0,0.0,0.0,0.0,0.0,0.0,0.0,0.0,0.0,0.0,0.0,0.0,0.0,0.0,0.0,0.0
HEAD,1,package api - object ApiContents,0.0,0.0,0.0,1.0,0.0,0.0,1.0,0.0,0.0,0.0,0.0,0.0,2.0,0.0,0.0,0.0,0.0,0.0,0.0,0.0,0.0,0.0,0.0,1.0,1.0
HEAD,0,package model - object WebHookContentType,0.0,0.0,0.0,0.0,0.0,0.0,0.0,0.0,0.0,0.0,0.0,0.0,0.0,0.0,0.0,0.0,0.0,0.0,0.0,0.0,0.0,0.0,0.0,0.0,0.0
HEAD,0,package model - object WebHook - object Event,0.0,0.0,0.0,0.0,0.0,0.0,0.0,0.0,0.0,0.0,0.0,0.0,0.0,0.0,0.0,0.0,0.0,0.0,0.0,0.0,0.0,0.0,0.0,0.0,0.0
HEAD,0,package api - object JsonFormat,0.0,0.0,0.0,0.0,0.0,0.0,0.0,0.0,0.0,1.3333333333333333,0.0,0.3333333333333333,1.6666666666666667,0.0,0.0,0.0,0.0,0.0,0.0,0.0,0.0,0.0,0.0,1.0,1.0
HEAD,0,package api - object ApiPusher,0.0,0.0,0.0,0.0,0.0,0.0,0.0,0.0,0.0,0.0,0.0,0.0,0.0,0.0,0.0,0.0,0.0,0.0,0.0,0.0,0.0,0.0,0.0,0.0,0.0
HEAD,0,package model - trait RepositoryComponent - class Repositories,0.0,0.0,0.0,0.0,0.0,0.0,0.0,0.0,0.0,0.5,0.0,0.0,0.5,0.0,0.0,0.0,0.0,0.0,0.0,0.0,0.0,0.0,0.0,0.5,0.5
HEAD,0,package util - object SyntaxSugars,0.0,0.0,0.0,1.0,0.0,0.5,0.0,0.5,0.0,0.0,0.0,0.5,2.5,0.0,0.0,0.0,0.0,0.0,2.0,0.5,0.0,0.0,2.5,1.0,0.0
HEAD,0,package util - object SyntaxSugars - object ~,0.0,0.0,0.0,0.0,0.0,0.0,0.0,0.0,0.0,0.0,0.0,0.0,0.0,0.0,0.0,0.0,0.0,0.0,0.0,0.0,0.0,0.0,0.0,0.0,0.0
HEAD,0,package util - object SyntaxSugars - class HeadValueAccessibleMap,0.0,0.0,0.0,0.3333333333333333,0.0,0.0,0.3333333333333333,0.0,0.0,0.0,0.0,0.0,0.6666666666666666,0.0,0.0,0.0,0.0,0.0,0.0,0.0,0.0,0.0,0.0,0.3333333333333333,0.3333333333333333
HEAD,0,package service - trait PrioritiesService,0.0,0.0,0.0,0.1111111111111111,0.0,0.0,0.1111111111111111,0.0,0.0,0.0,0.0,1.0,1.2222222222222223,0.0,0.0,0.0,0.0,0.0,0.6666666666666666,0.4444444444444444,0.1111111111111111,0.0,1.2222222222222223,1.0,0.5555555555555556
HEAD,7,package view - object Markdown,0.0,0.0,0.0,0.0,0.0,0.0,0.0,0.0,0.0,0.0,0.0,0.25,0.25,0.0,0.0,0.0,0.0,0.0,0.0,0.0,0.0,0.0,0.0,0.25,0.25
HEAD,7,package view - object Markdown - class GitBucketMarkedRenderer,0.0,0.0,0.0,0.0,0.0,0.0,0.0,0.0,0.0,0.1111111111111111,0.4444444444444444,0.0,0.5555555555555556,0.7777777777777778,0.1111111111111111,0.2222222222222222,0.0,0.0,0.3333333333333333,0.0,0.2222222222222222,0.0,1.6666666666666667,0.3333333333333333,0.1111111111111111
HEAD,0,package servlet - class ApiAuthenticationFilter,0.0,0.0,0.0,0.0,0.0,0.0,0.0,0.0,0.0,0.75,0.0,0.0,0.75,0.0,0.0,0.0,0.0,0.0,1.75,0.75,0.0,0.0,2.5,1.0,-0.25
HEAD,0,package api - object ApiCommitStatus,0.0,0.0,0.0,0.0,0.0,0.0,0.0,0.0,0.0,0.0,0.0,0.0,0.0,0.0,0.0,0.0,0.0,0.0,0.0,0.0,0.0,0.0,0.0,0.0,0.0
HEAD,0,package plugin - trait ReceiveHook,0.0,0.0,0.0,0.0,0.0,0.0,0.0,0.0,0.0,0.0,0.0,1.0,1.0,0.0,0.0,0.0,0.0,0.0,1.0,0.5,0.0,0.0,1.5,1.0,0.5
HEAD,0,package model - trait Profile,0.0,0.0,0.0,0.0,0.0,0.0,0.0,0.0,0.0,0.0,0.0,0.0,0.0,0.0,0.0,0.0,0.0,0.0,0.0,0.0,0.0,0.0,0.0,0.0,0.0
HEAD,0,package model - trait Profile - class RichColumn,0.0,0.0,0.0,0.0,0.0,0.0,0.0,0.0,0.0,0.0,0.0,0.0,0.0,0.0,0.0,0.0,0.0,0.0,0.0,0.0,0.0,0.0,0.0,0.0,0.0
HEAD,0,package activity - trait BaseActivityInfo,0.0,0.0,0.0,0.0,0.0,0.0,0.0,0.0,0.0,0.0,0.0,0.0,0.0,0.0,0.0,0.0,0.0,0.0,0.0,0.0,0.0,0.0,0.0,0.0,0.0
HEAD,0,package api - class ApiBranchProtection,0.0,0.0,0.0,0.0,0.0,0.0,0.0,0.0,0.0,0.0,0.0,0.0,0.0,0.0,0.0,0.0,0.0,0.0,0.0,0.0,0.0,0.0,0.0,0.0,0.0
HEAD,0,package api - object ApiBranchProtection,0.0,0.0,0.0,0.0,0.0,0.0,0.0,0.0,0.0,0.0,0.0,0.0,0.0,0.0,0.0,0.0,0.0,0.0,0.0,0.0,0.0,0.0,0.0,0.0,0.0
HEAD,0,package api - object ApiBranchProtection - object EnforcementLevel,0.0,0.0,0.0,0.0,0.0,0.0,0.0,0.0,0.0,0.0,0.0,0.0,0.0,0.0,0.0,0.0,0.0,0.0,0.0,0.0,0.0,0.0,0.0,0.0,0.0
HEAD,0,package api - object ApiWebhook,0.0,0.0,0.0,1.0,0.0,0.0,1.0,0.0,0.0,0.0,0.0,0.0,2.0,0.0,0.0,0.0,0.0,0.0,0.0,0.0,0.0,0.0,0.0,1.0,1.0
HEAD,0,package api - trait ApiIssueCommentControllerBase,0.0,0.0,0.0,0.0,0.0,0.0,0.0,0.0,0.0,0.0,0.0,1.0,1.0,0.0,0.0,0.0,0.0,0.0,0.0,0.0,0.0,0.0,0.0,1.0,1.0
HEAD,0,package api - class CreateAMilestone,0.0,0.0,0.0,0.0,0.0,0.0,0.0,0.0,0.0,0.0,0.0,0.0,0.0,0.0,0.0,0.0,0.0,0.0,0.0,0.0,0.0,0.0,0.0,0.0,0.0
HEAD,0,package api - object ApiUser,0.0,0.0,0.0,0.0,0.0,0.0,0.0,0.0,0.0,0.0,0.0,0.0,0.0,0.0,0.0,0.0,0.0,0.0,0.0,0.0,0.0,0.0,0.0,0.0,0.0
HEAD,2,package controller - trait ReleaseControllerBase,0.0,0.0,0.0,1.0,0.0,0.0,1.0,0.0,0.0,1.0,0.0,0.0,3.0,0.0,0.0,0.0,0.0,0.0,0.0,0.0,0.0,0.0,0.0,1.0,1.0
HEAD,0,package api - object ApiRepository,0.0,0.0,0.0,0.0,0.0,0.0,0.0,0.0,0.0,0.0,0.0,0.0,0.0,0.0,0.0,0.0,0.0,0.0,0.0,0.0,0.0,0.0,0.0,0.0,0.0
HEAD,0,package model - trait ProtectedBranchComponent - class ProtectedBranches,0.0,0.0,0.0,0.0,0.0,0.0,0.0,0.0,0.0,0.0,0.0,0.0,0.0,0.0,0.0,0.0,0.0,0.0,0.0,0.0,0.0,0.0,0.0,0.0,0.0
HEAD,0,package model - trait ProtectedBranchComponent - class ProtectedBranchContexts,0.0,0.0,0.0,0.0,0.0,0.0,0.0,0.0,0.0,0.0,0.0,0.0,0.0,0.0,0.0,0.0,0.0,0.0,0.0,0.0,0.0,0.0,0.0,0.0,0.0
HEAD,0,package model - trait CommitStatusComponent - class CommitStatuses,0.0,0.0,0.0,0.0,0.0,0.0,0.0,0.0,0.0,0.0,0.0,0.0,0.0,0.0,0.0,0.0,0.0,0.0,0.0,0.0,0.0,0.0,0.0,0.0,0.0
HEAD,0,package model - object CommitStatus,0.0,0.0,0.0,0.0,0.0,0.0,0.0,0.0,0.0,0.0,0.0,0.0,0.0,0.0,0.0,0.0,0.0,0.0,0.0,0.0,0.0,0.0,0.0,0.0,0.0
HEAD,0,package model - object CommitState,0.0,0.0,0.0,0.0,0.0,0.0,0.0,0.0,0.0,0.0,0.0,0.0,0.0,0.0,0.0,0.0,0.0,0.0,0.0,0.0,0.0,0.0,0.0,0.0,0.0
HEAD,0,package model - trait RepositoryWebHookEventComponent - class RepositoryWebHookEvents,0.0,0.0,0.0,0.0,0.0,0.0,0.0,0.0,0.0,0.0,0.0,0.0,0.0,0.0,0.0,0.0,0.0,0.0,0.0,0.0,0.0,0.0,0.0,0.0,0.0
HEAD,0,package util - trait Validations,0.0,0.0,1.0,0.0,0.0,0.0,0.0,0.0,0.0,0.0,0.0,0.0,1.0,0.0,0.0,0.0,0.0,0.0,0.0,0.0,0.0,0.0,0.0,1.0,1.0
HEAD,0,package util - trait Validations - <$anon: <error>>,0.0,0.0,0.0,0.0,0.0,0.0,0.0,0.0,0.0,0.0,0.0,0.0,0.0,0.0,0.0,0.0,0.0,0.0,0.0,0.0,0.0,0.0,0.0,0.0,0.0
HEAD,0,package util - trait Validations - <$anon: <error>>,0.0,0.0,0.0,0.0,0.0,0.0,0.0,0.0,0.0,0.0,0.0,0.0,0.0,0.0,0.0,0.0,0.0,0.0,0.0,0.0,0.0,0.0,0.0,0.0,0.0
HEAD,0,package util - trait Validations - method date - <$anon: <error>>,0.0,0.0,0.0,0.0,0.0,0.0,0.0,0.0,0.0,0.0,0.0,0.0,0.0,0.0,0.0,0.0,0.0,0.0,0.0,0.0,0.0,0.0,0.0,0.0,0.0
HEAD,0,package ssh - object SshServer,0.0,0.0,0.0,0.0,0.0,0.0,0.0,0.0,0.0,0.0,0.0,0.0,0.0,0.0,0.0,0.0,0.0,0.0,0.6666666666666666,0.6666666666666666,0.0,0.0,1.3333333333333333,0.6666666666666666,-0.6666666666666666
HEAD,0,package ssh - class SshServerListener,0.0,0.0,0.0,1.5,0.0,0.0,1.5,0.0,0.0,0.0,0.0,0.0,3.0,0.0,0.0,0.0,0.0,0.0,5.5,1.0,3.0,1.5,11.0,1.0,-0.5
HEAD,3,package controller - class FileUploadController,0.0,0.0,0.0,1.0,0.0,0.5,0.0,0.5,0.0,0.75,0.0,0.25,3.0,0.0,0.0,0.0,0.0,0.0,0.75,0.5,0.25,0.0,1.5,1.0,-0.25
HEAD,3,package controller - class ControllerBase,0.0,0.0,0.19047619047619047,0.5714285714285714,0.0,0.09523809523809523,0.47619047619047616,0.0,0.0,0.14285714285714285,0.0,0.2857142857142857,1.7619047619047619,0.0,0.0,0.0,0.0,0.0,0.9047619047619048,0.19047619047619047,0.14285714285714285,0.0,1.2380952380952381,0.7619047619047619,0.38095238095238093
HEAD,0,package controller - class ControllerBase - method trim2 - <$anon: <error>>,0.0,0.0,0.0,0.0,0.0,0.0,0.0,0.0,0.0,0.0,0.0,0.0,0.0,0.0,0.0,0.0,0.0,0.0,0.0,0.0,0.0,0.0,0.0,0.0,0.0
HEAD,0,package controller - class Context,0.0,0.0,0.0,1.0,0.0,0.5,0.0,0.5,0.0,0.5,0.0,0.5,3.0,0.0,0.0,0.0,0.0,0.0,0.0,0.0,0.0,0.0,0.0,1.0,1.0
HEAD,1,package controller - trait AccountManagementControllerBase,0.0,0.0,0.8,1.0,0.0,0.0,1.0,0.0,0.0,0.8,0.0,0.0,3.6,0.0,0.0,0.0,0.0,0.0,1.2,0.2,0.4,0.0,1.8,1.0,0.8
HEAD,0,package controller - trait AccountManagementControllerBase - method uniqueUserName - <$anon: <error>>,0.0,0.0,0.0,0.0,0.0,0.0,0.0,0.0,0.0,0.0,0.0,0.0,0.0,0.0,0.0,0.0,0.0,0.0,0.0,0.0,0.0,0.0,0.0,0.0,0.0
HEAD,0,package controller - trait AccountManagementControllerBase - method uniqueMailAddress - <$anon: <error>>,0.0,0.0,0.0,2.0,0.0,0.0,2.0,0.0,0.0,2.0,0.0,0.0,6.0,0.0,0.0,0.0,0.0,0.0,0.0,0.0,0.0,0.0,0.0,1.0,1.0
HEAD,0,package controller - trait AccountManagementControllerBase - method uniqueExtraMailAddress - <$anon: <error>>,0.0,0.0,0.0,2.0,0.0,0.0,2.0,0.0,0.0,2.0,0.0,0.0,6.0,0.0,0.0,0.0,0.0,0.0,0.0,0.0,0.0,0.0,0.0,1.0,1.0
HEAD,0,package controller - trait AccountManagementControllerBase - method reservedNames - <$anon: <error>>,0.0,0.0,0.0,0.0,0.0,0.0,0.0,0.0,0.0,0.0,0.0,0.0,0.0,0.0,0.0,0.0,0.0,0.0,0.0,0.0,0.0,0.0,0.0,0.0,0.0
HEAD,0,package api - object ApiLabel,0.0,0.0,0.0,0.0,0.0,0.0,0.0,0.0,0.0,0.0,0.0,0.0,0.0,0.0,0.0,0.0,0.0,0.0,0.0,0.0,0.0,0.0,0.0,0.0,0.0
HEAD,0,package model - trait ReleaseAssetComponent - class ReleaseAssets,0.0,0.0,0.0,0.0,0.0,0.0,0.0,0.0,0.0,0.0,0.0,0.0,0.0,0.0,0.0,0.0,0.0,0.0,0.0,0.0,0.0,0.0,0.0,0.0,0.0
HEAD,0,package <empty> - object PluginsJson,0.0,0.0,0.0,0.0,0.0,0.0,0.0,0.0,0.0,0.0,0.0,0.0,0.0,0.0,0.0,0.0,0.0,0.0,0.0,0.0,0.0,0.0,0.0,0.0,0.0
HEAD,0,package model - trait ActivityComponent - class Activities,0.0,0.0,0.0,0.0,0.0,0.0,0.0,0.0,0.0,0.0,0.0,0.0,0.0,0.0,0.0,0.0,0.0,0.0,0.0,0.0,0.0,0.0,0.0,0.0,0.0
HEAD,0,package model - trait PullRequestComponent - class PullRequests,0.0,0.0,0.0,0.0,0.0,0.0,0.0,0.0,0.0,0.0,0.0,0.0,0.0,0.0,0.0,0.0,0.0,0.0,0.0,0.0,0.0,0.0,0.0,0.0,0.0
HEAD,1,package service - trait AccountFederationService,0.0,0.0,0.0,0.16666666666666666,0.0,0.0,0.16666666666666666,0.0,0.0,0.8333333333333334,0.0,0.8333333333333334,2.0,0.0,0.0,0.0,0.0,0.0,0.5,0.16666666666666666,0.3333333333333333,0.0,1.0,0.8333333333333334,0.5
HEAD,0,package service - trait LabelsService,0.0,0.0,0.0,0.0,0.0,0.0,0.0,0.0,0.0,0.0,0.0,1.0,1.0,0.0,0.0,0.0,0.0,0.0,0.2857142857142857,0.2857142857142857,0.0,0.0,0.5714285714285714,1.0,0.7142857142857143
HEAD,2,package api - object ApiPullRequest,0.0,0.0,0.0,2.0,0.0,0.0,2.0,0.0,0.0,2.0,0.0,0.0,6.0,0.0,0.0,0.0,0.0,0.0,0.0,0.0,0.0,0.0,0.0,1.0,1.0
HEAD,0,package activity - class CreateIssueInfo,0.0,0.0,0.0,0.0,0.0,0.0,0.0,0.0,0.0,0.0,0.0,0.0,0.0,0.0,0.0,0.0,0.0,0.0,0.0,0.0,0.0,0.0,0.0,0.0,0.0
HEAD,0,package activity - class CloseIssueInfo,0.0,0.0,0.0,0.0,0.0,0.0,0.0,0.0,0.0,0.0,0.0,0.0,0.0,0.0,0.0,0.0,0.0,0.0,0.0,0.0,0.0,0.0,0.0,0.0,0.0
HEAD,0,package activity - class ReopenIssueInfo,0.0,0.0,0.0,0.0,0.0,0.0,0.0,0.0,0.0,0.0,0.0,0.0,0.0,0.0,0.0,0.0,0.0,0.0,0.0,0.0,0.0,0.0,0.0,0.0,0.0
HEAD,0,package activity - class OpenPullRequestInfo,0.0,0.0,0.0,0.0,0.0,0.0,0.0,0.0,0.0,0.0,0.0,0.0,0.0,0.0,0.0,0.0,0.0,0.0,0.0,0.0,0.0,0.0,0.0,0.0,0.0
HEAD,0,package activity - class ClosePullRequestInfo,0.0,0.0,0.0,0.0,0.0,0.0,0.0,0.0,0.0,0.0,0.0,0.0,0.0,0.0,0.0,0.0,0.0,0.0,0.0,0.0,0.0,0.0,0.0,0.0,0.0
HEAD,0,package activity - class ReopenPullRequestInfo,0.0,0.0,0.0,0.0,0.0,0.0,0.0,0.0,0.0,0.0,0.0,0.0,0.0,0.0,0.0,0.0,0.0,0.0,0.0,0.0,0.0,0.0,0.0,0.0,0.0
HEAD,0,package model - trait GpgKeyComponent - class GpgKeys,0.0,0.0,0.0,0.0,0.0,0.0,0.0,0.0,0.0,0.0,0.0,0.0,0.0,0.0,0.0,0.0,0.0,0.0,0.0,0.0,0.0,0.0,0.0,0.0,0.0
HEAD,0,package api - object ApiCombinedCommitStatus,0.0,0.0,0.0,2.0,0.0,0.0,2.0,0.0,0.0,1.0,0.0,0.0,5.0,0.0,0.0,0.0,0.0,0.0,0.0,0.0,0.0,0.0,0.0,1.0,1.0
HEAD,0,package model - trait AccountExtraMailAddressComponent - class AccountExtraMailAddresses,0.0,0.0,0.0,0.0,0.0,0.0,0.0,0.0,0.0,0.0,0.0,0.0,0.0,0.0,0.0,0.0,0.0,0.0,0.0,0.0,0.0,0.0,0.0,0.0,0.0
HEAD,0,package plugin - class Plugin,0.0,0.0,0.0,1.6666666666666667,0.0,0.0,1.2962962962962963,0.0,0.0,0.18518518518518517,0.0,0.0,3.1481481481481484,0.0,0.0,0.0,0.0,0.0,2.111111111111111,0.07407407407407407,1.7777777777777777,0.8888888888888888,4.851851851851852,0.1111111111111111,0.0
HEAD,2,package model - trait MilestoneComponent - class Milestones,0.0,0.0,0.0,0.0,0.0,0.0,0.0,0.0,0.0,0.0,0.0,0.0,0.0,0.0,0.0,0.0,0.0,0.0,0.0,0.0,0.0,0.0,0.0,0.0,0.0
HEAD,0,package activity - class PushInfo,0.0,0.0,0.0,0.5,0.0,0.0,0.5,0.0,0.0,0.0,0.0,0.0,1.0,0.0,0.0,0.0,0.0,0.0,0.0,0.0,0.0,0.0,0.0,0.5,0.5
HEAD,0,package activity - class CreateBranchInfo,0.0,0.0,0.0,0.0,0.0,0.0,0.0,0.0,0.0,0.0,0.0,0.0,0.0,0.0,0.0,0.0,0.0,0.0,0.0,0.0,0.0,0.0,0.0,0.0,0.0
HEAD,0,package activity - class DeleteBranchInfo,0.0,0.0,0.0,0.0,0.0,0.0,0.0,0.0,0.0,0.0,0.0,0.0,0.0,0.0,0.0,0.0,0.0,0.0,0.0,0.0,0.0,0.0,0.0,0.0,0.0
HEAD,1,package servlet - class InitializeListener,0.0,0.0,0.0,0.5,0.0,0.0,0.5,0.0,0.0,0.5,0.0,0.0,1.5,0.0,0.0,0.0,0.0,0.0,6.0,1.0,1.75,0.0,8.75,1.0,-0.5
HEAD,0,package service - trait MergeService,0.0,0.0,0.0,1.1538461538461537,0.0,0.0,1.0769230769230769,0.0,0.0,0.38461538461538464,0.0,0.5384615384615384,3.1538461538461537,0.0,0.0,0.0,0.0,0.0,1.2307692307692308,0.15384615384615385,0.38461538461538464,0.07692307692307693,1.8461538461538463,0.8461538461538461,0.5384615384615384
HEAD,1,package service - object MergeService,0.0,0.0,0.0,1.0,0.0,0.0,1.0,0.0,0.0,1.0,0.0,0.0,3.0,0.0,0.0,0.0,0.0,0.0,0.0,0.0,0.0,0.0,0.0,1.0,1.0
HEAD,0,package service - object MergeService - object Util,0.0,0.0,0.0,1.0,0.0,0.0,1.0,0.0,0.0,0.0,0.0,0.0,2.0,0.0,0.0,0.0,0.0,0.0,5.0,0.0,5.0,0.5,10.5,1.0,0.0
HEAD,1,package service - object MergeService - class MergeCacheInfo,0.0,0.0,0.25,2.375,0.0,0.0,2.375,0.0,0.0,0.0,1.625,0.375,7.0,0.625,0.125,0.125,0.0,0.0,4.375,0.0,2.875,0.25,8.375,0.875,0.375
HEAD,2,package service - trait RepositoryCommitFileService,0.0,0.0,0.0,4.25,0.0,0.5,3.25,0.25,0.0,0.5,0.0,1.5,10.25,0.0,0.0,0.0,0.0,0.0,3.5,0.0,2.75,0.0,6.25,1.0,0.5
HEAD,1,package controller - trait LabelsControllerBase,0.0,0.0,1.0,2.0,0.0,0.0,2.0,0.0,0.0,0.0,0.0,0.0,5.0,0.0,0.0,0.0,0.0,0.0,0.0,0.0,0.0,0.0,0.0,1.0,1.0
HEAD,0,package controller - trait LabelsControllerBase - method labelName - <$anon: <error>>,0.0,0.0,0.0,0.0,0.0,0.0,0.0,0.0,0.0,0.0,0.0,0.0,0.0,0.0,0.0,0.0,0.0,0.0,0.0,0.0,0.0,0.0,0.0,0.0,0.0
HEAD,1,package controller - trait LabelsControllerBase - method uniqueLabelName - <$anon: <error>>,0.0,0.0,0.0,4.0,0.0,0.0,4.0,0.0,0.0,0.0,0.0,0.0,8.0,0.0,0.0,0.0,0.0,0.0,0.0,0.0,0.0,0.0,0.0,1.0,1.0
HEAD,0,package service - trait SystemSettingsService,0.0,0.0,0.0,8.0,0.0,0.0,8.0,0.0,0.0,0.0,0.0,0.0,16.0,0.0,0.0,0.0,0.0,0.0,10.5,0.25,7.25,1.25,19.25,0.75,0.25
HEAD,0,package service - object SystemSettingsService,0.0,0.0,0.0,0.3333333333333333,0.0,0.0,0.3333333333333333,0.0,0.0,0.0,0.0,1.0,1.6666666666666667,0.0,0.0,0.0,0.0,0.0,0.0,0.0,0.0,0.0,0.0,1.0,1.0
HEAD,0,package service - object SystemSettingsService - class SystemSettings,0.0,0.0,0.0,0.0,0.0,0.0,0.0,0.0,0.0,0.0,0.0,0.0,0.0,0.0,0.0,0.0,0.0,0.0,0.0,0.0,0.0,0.0,0.0,0.0,0.0
HEAD,0,package service - object SystemSettingsService - class Ssh,0.0,0.0,0.0,2.0,0.0,0.0,2.0,0.0,0.0,0.0,0.0,0.0,4.0,0.0,0.0,0.0,0.0,0.0,0.0,0.0,0.0,0.0,0.0,1.0,1.0
HEAD,0,package service - object SystemSettingsService - object Ssh,0.0,0.0,0.0,0.0,0.0,0.0,0.0,0.0,0.0,0.0,0.0,0.0,0.0,0.0,0.0,0.0,0.0,0.0,0.0,0.0,0.0,0.0,0.0,0.0,0.0
HEAD,0,package service - object SystemSettingsService - object OIDC,0.0,0.0,0.0,0.0,0.0,0.0,0.0,0.0,0.0,0.0,0.0,0.0,0.0,0.0,0.0,0.0,0.0,0.0,0.0,0.0,0.0,0.0,0.0,0.0,0.0
HEAD,0,package service - object SystemSettingsService - class SshAddress,0.0,0.0,0.0,0.0,0.0,0.0,0.0,0.0,0.0,0.0,0.0,0.0,0.0,0.0,0.0,0.0,0.0,0.0,0.0,0.0,0.0,0.0,0.0,0.0,0.0
HEAD,4,package controller - trait SystemSettingsControllerBase,0.0,0.0,1.0,1.3333333333333333,0.0,0.0,1.3333333333333333,0.0,0.0,0.3333333333333333,0.0,0.0,4.0,0.0,0.0,0.0,0.0,0.0,0.0,0.0,0.0,0.0,0.0,1.0,1.0
HEAD,0,package controller - trait SystemSettingsControllerBase - method multiLineText - <$anon: <error>>,0.0,0.0,0.0,1.0,0.0,0.0,1.0,0.0,0.0,0.0,0.0,0.0,2.0,0.0,0.0,0.0,0.0,0.0,0.0,0.0,0.0,0.0,0.0,1.0,1.0
HEAD,0,package controller - trait SystemSettingsControllerBase - method members - <$anon: <error>>,0.0,0.0,0.0,1.0,0.0,0.0,1.0,0.0,0.0,1.0,0.0,0.0,3.0,0.0,0.0,0.0,0.0,0.0,0.0,0.0,0.0,0.0,0.0,1.0,1.0
HEAD,0,package controller - trait SystemSettingsControllerBase - method disableByNotYourself - <$anon: <error>>,0.0,0.0,0.0,2.0,0.0,0.0,2.0,0.0,0.0,0.0,0.0,0.0,4.0,0.0,0.0,0.0,0.0,0.0,0.0,0.0,0.0,0.0,0.0,1.0,1.0
HEAD,3,package view - object helpers,0.0,0.0,0.0,0.19047619047619047,0.0,0.0,0.19047619047619047,0.0,0.0,0.23809523809523808,0.0,0.4523809523809524,1.0714285714285714,0.16666666666666666,0.023809523809523808,0.047619047619047616,0.0,0.0,0.21428571428571427,0.0,0.11904761904761904,0.0,0.5714285714285714,0.6190476190476191,0.5476190476190477
HEAD,1,package view - object helpers - class RegexReplaceString,0.0,0.0,0.0,3.0,0.0,1.0,1.0,1.0,0.0,0.0,0.0,1.0,7.0,0.0,0.0,0.0,0.0,0.0,0.0,0.0,0.0,0.0,0.0,1.0,1.0
HEAD,0,package view - object helpers - class RichHtmlSeq,0.0,0.0,0.0,0.0,0.0,0.0,0.0,0.0,0.0,0.0,0.0,0.0,0.0,0.0,0.0,0.0,0.0,0.0,0.0,0.0,0.0,0.0,0.0,0.0,0.0
HEAD,14,package service - trait IssuesService,0.0,0.0,0.0,0.39473684210526316,0.0,0.0,0.39473684210526316,0.0,0.0,1.8421052631578947,0.0,1.0,3.6315789473684212,0.0,0.0,0.0,0.0,0.0,0.3684210526315789,0.05263157894736842,0.05263157894736842,0.0,0.47368421052631576,1.0,0.7368421052631579
HEAD,1,package service - object IssuesService - class IssueSearchCondition,0.0,0.0,0.0,5.5,0.0,0.0,4.75,0.0,0.0,1.75,0.0,0.0,12.0,0.0,0.0,0.0,0.0,0.0,0.0,0.0,0.0,0.0,0.0,0.5,0.5
HEAD,1,package service - object IssuesService - object IssueSearchCondition,0.0,0.0,0.0,3.2,0.0,0.0,3.2,0.0,0.0,2.0,0.0,0.0,8.4,0.0,0.0,0.0,0.0,0.0,0.0,0.0,0.0,0.0,0.0,0.4,0.4
HEAD,0,package api - object ApiGroup,0.0,0.0,0.0,0.0,0.0,0.0,0.0,0.0,0.0,0.0,0.0,0.0,0.0,0.0,0.0,0.0,0.0,0.0,0.0,0.0,0.0,0.0,0.0,0.0,0.0
HEAD,0,package service - trait CustomFieldsService,0.0,0.0,0.0,0.0,0.0,0.0,0.0,0.0,0.0,0.25,0.0,1.0,1.25,0.0,0.0,0.0,0.0,0.0,0.375,0.375,0.0,0.0,0.75,1.0,0.625
HEAD,10,package controller - trait RepositorySettingsControllerBase,0.0,0.0,1.0,1.375,0.0,0.0,1.375,0.0,0.0,0.25,0.0,0.0,4.0,0.0,0.0,0.0,0.0,0.0,0.0,0.0,0.0,0.0,0.0,0.875,0.875
HEAD,0,package controller - trait RepositorySettingsControllerBase - method webHook - <$anon: <error>>,0.0,0.0,0.0,0.0,0.0,0.0,0.0,0.0,0.0,0.0,0.0,0.0,0.0,0.0,0.0,0.0,0.0,0.0,0.0,0.0,0.0,0.0,0.0,0.0,0.0
HEAD,0,package controller - trait RepositorySettingsControllerBase - method webhookEvents - <$anon: <error>>,0.0,0.0,0.0,1.0,0.0,0.0,1.0,0.0,0.0,0.0,0.0,0.0,2.0,0.0,0.0,0.0,0.0,0.0,0.0,0.0,0.0,0.0,0.0,0.5,0.5
HEAD,0,package controller - trait RepositorySettingsControllerBase - method renameRepositoryName - <$anon: <error>>,0.0,0.0,0.0,4.0,0.0,0.0,4.0,0.0,0.0,1.0,0.0,0.0,9.0,0.0,0.0,0.0,0.0,0.0,0.0,0.0,0.0,0.0,0.0,1.0,1.0
HEAD,0,package controller - trait RepositorySettingsControllerBase - method featureOption - <$anon: <error>>,0.0,0.0,0.0,0.0,0.0,0.0,0.0,0.0,0.0,0.0,0.0,0.0,0.0,0.0,0.0,0.0,0.0,0.0,0.0,0.0,0.0,0.0,0.0,0.0,0.0
HEAD,0,package controller - trait RepositorySettingsControllerBase - method transferUser - <$anon: <error>>,0.0,0.0,0.0,3.0,0.0,0.0,3.0,0.0,0.0,1.0,0.0,0.0,7.0,0.0,0.0,0.0,0.0,0.0,0.0,0.0,0.0,0.0,0.0,1.0,1.0
HEAD,0,package controller - trait RepositorySettingsControllerBase - method mergeOptions - <$anon: <error>>,0.0,0.0,0.0,0.5,0.0,0.0,0.5,0.0,0.0,0.0,0.0,0.0,1.0,0.0,0.0,0.0,0.0,0.0,0.0,0.0,0.0,0.0,0.0,0.5,0.5
HEAD,0,package servlet - class ControllerFilter,0.0,0.0,0.0,0.0,0.0,0.0,0.0,0.0,0.0,0.0,0.0,0.0,0.0,0.0,0.0,0.0,0.0,0.0,3.5,0.5,0.0,0.0,4.0,0.5,-0.5
HEAD,1,package servlet - class CompositeScalatraFilter,0.0,0.0,0.0,0.0,0.0,0.0,0.0,0.0,0.0,1.0,0.0,0.0,1.0,0.0,0.0,0.0,0.0,0.0,0.75,0.75,0.0,0.0,1.5,1.0,0.0
HEAD,0,package servlet - class MockFilterChain,0.0,0.0,0.0,0.0,0.0,0.0,0.0,0.0,0.0,0.0,0.0,0.0,0.0,2.0,0.0,0.0,1.0,1.0,2.0,1.0,1.0,0.0,8.0,1.0,-1.0
HEAD,1,package api - class CreateARepository,0.0,0.0,0.0,0.0,0.0,0.0,0.0,0.0,0.0,0.0,0.0,0.0,0.0,0.0,0.0,0.0,0.0,0.0,0.0,0.0,0.0,0.0,0.0,0.0,0.0
HEAD,0,package util - object TextAvatarUtil,0.0,0.0,0.0,0.2222222222222222,0.0,0.0,0.2222222222222222,0.0,0.0,0.0,0.0,0.0,0.4444444444444444,0.0,0.0,0.0,0.0,0.0,2.2222222222222223,0.0,2.2222222222222223,0.0,4.444444444444445,0.3333333333333333,-0.1111111111111111
HEAD,0,package model - trait LabelComponent - class Labels,0.0,0.0,0.0,0.0,0.0,0.0,0.0,0.0,0.0,0.0,0.0,0.0,0.0,0.0,0.0,0.0,0.0,0.0,0.0,0.0,0.0,0.0,0.0,0.0,0.0
HEAD,0,package api - object ApiCommits,0.0,0.0,0.0,7.0,0.0,0.0,7.0,0.0,0.0,1.0,0.0,0.0,15.0,10.0,2.0,2.0,0.0,0.0,8.0,0.0,3.0,1.0,26.0,1.0,0.0
HEAD,0,package activity - class CreateTagInfo,0.0,0.0,0.0,0.0,0.0,0.0,0.0,0.0,0.0,0.0,0.0,0.0,0.0,0.0,0.0,0.0,0.0,0.0,0.0,0.0,0.0,0.0,0.0,0.0,0.0
HEAD,0,package activity - class DeleteTagInfo,0.0,0.0,0.0,0.0,0.0,0.0,0.0,0.0,0.0,0.0,0.0,0.0,0.0,0.0,0.0,0.0,0.0,0.0,0.0,0.0,0.0,0.0,0.0,0.0,0.0
HEAD,0,package model - trait AccountPreferenceComponent - class AccountPreferences,0.0,0.0,0.0,0.0,0.0,0.0,0.0,0.0,0.0,0.0,0.0,0.0,0.0,0.0,0.0,0.0,0.0,0.0,0.0,0.0,0.0,0.0,0.0,0.0,0.0
HEAD,0,package plugin - trait RepositoryHook,0.0,0.0,0.0,0.0,0.0,0.0,0.0,0.0,0.0,0.0,0.0,1.0,1.0,0.0,0.0,0.0,0.0,0.0,2.0,1.0,0.0,0.0,3.0,1.0,0.0
HEAD,1,package plugin - trait IssueHook,0.0,0.0,0.0,0.0,0.0,0.0,0.0,0.0,0.0,0.0,0.0,1.0,1.0,0.0,0.0,0.0,0.0,0.0,2.0,1.0,0.0,0.0,3.0,1.0,0.0
HEAD,0,package plugin - trait PullRequestHook,0.0,0.0,0.0,0.0,0.0,0.0,0.0,0.0,0.0,0.0,0.0,1.0,1.0,0.0,0.0,0.0,0.0,0.0,2.0,1.0,0.0,0.0,3.0,1.0,0.0
HEAD,0,package view - class Pagination,0.0,0.0,0.0,0.0,0.0,0.0,0.0,0.0,0.0,0.0,0.0,0.0,0.0,0.0,0.0,0.0,0.0,0.0,0.0,0.0,0.0,0.0,0.0,0.0,0.0
HEAD,0,package api - class CreateARepositoryWebhook,0.0,0.0,0.0,0.0,0.0,0.0,0.0,0.0,0.0,0.0,0.0,0.0,0.0,0.0,0.0,0.0,0.0,0.0,0.0,0.0,0.0,0.0,0.0,0.0,0.0
HEAD,0,package api - class UpdateARepositoryWebhook,0.0,0.0,0.0,0.0,0.0,0.0,0.0,0.0,0.0,0.0,0.0,0.0,0.0,0.0,0.0,0.0,0.0,0.0,0.0,0.0,0.0,0.0,0.0,0.0,0.0
HEAD,0,package activity - class ForkInfo,0.0,0.0,0.0,0.0,0.0,0.0,0.0,0.0,0.0,0.0,0.0,0.0,0.0,0.0,0.0,0.0,0.0,0.0,0.0,0.0,0.0,0.0,0.0,0.0,0.0
HEAD,0,package model - trait CustomFieldComponent - class CustomFields,0.0,0.0,0.0,0.0,0.0,0.0,0.0,0.0,0.0,0.0,0.0,0.0,0.0,0.0,0.0,0.0,0.0,0.0,0.0,0.0,0.0,0.0,0.0,0.0,0.0
HEAD,0,package model - trait CustomFieldBehavior,0.0,0.0,0.0,0.0,0.0,0.0,0.0,0.0,0.0,0.0,0.0,0.6666666666666666,0.6666666666666666,0.0,0.0,0.0,0.0,0.0,0.0,0.0,0.0,0.0,0.0,0.6666666666666666,0.6666666666666666
HEAD,0,package model - object CustomFieldBehavior,0.0,0.0,0.0,0.5,0.0,0.0,0.5,0.0,0.0,0.5,0.0,0.0,1.5,0.0,0.0,0.0,0.0,0.0,0.0,0.0,0.0,0.0,0.0,1.0,1.0
HEAD,0,package model - object CustomFieldBehavior - object LongFieldBehavior,0.0,0.0,0.0,0.0,0.0,0.0,0.0,0.0,0.0,0.0,0.0,0.0,0.0,0.0,0.0,0.0,0.0,0.0,0.0,0.0,0.0,0.0,0.0,0.0,0.0
HEAD,0,package model - object CustomFieldBehavior - object DoubleFieldBehavior,0.0,0.0,0.0,0.0,0.0,0.0,0.0,0.0,0.0,0.0,0.0,0.0,0.0,0.0,0.0,0.0,0.0,0.0,0.0,0.0,0.0,0.0,0.0,0.0,0.0
HEAD,0,package model - object CustomFieldBehavior - object DateFieldBehavior,0.0,0.0,0.0,0.0,0.0,0.0,0.0,0.0,0.0,0.0,0.0,0.0,0.0,0.0,0.0,0.0,0.0,0.0,0.0,0.0,0.0,0.0,0.0,0.0,0.0
HEAD,0,package model - object CustomFieldBehavior - object EnumFieldBehavior,0.0,0.0,0.0,0.25,0.0,0.0,0.25,0.0,0.0,0.25,0.0,0.75,1.5,0.0,0.0,0.0,0.0,0.0,0.0,0.0,0.0,0.0,0.0,0.75,0.75
HEAD,0,package model - object CustomFieldBehavior - trait TextFieldBehavior,0.0,0.0,0.0,0.0,0.0,0.0,0.0,0.0,0.0,0.0,0.0,0.6666666666666666,0.6666666666666666,0.0,0.0,0.0,0.0,0.0,0.3333333333333333,0.0,0.0,0.0,0.3333333333333333,0.6666666666666666,0.3333333333333333
HEAD,4,package service - trait PullRequestService,0.0,0.0,0.0,1.1,0.0,0.0,1.1,0.0,0.0,1.65,0.0,0.75,4.6,0.5,0.05,0.2,0.0,0.0,1.0,0.4,0.35,0.05,2.55,0.8,0.4
HEAD,1,package api - trait ApiRepositoryContentsControllerBase,0.0,0.0,0.0,2.5,0.0,0.0,2.5,0.0,0.0,1.5,0.0,0.0,6.5,0.0,0.0,1.5,0.0,0.0,0.0,0.0,1.5,0.0,3.0,1.0,0.5
HEAD,1,package util - object Keys - object Session,0.0,0.0,0.0,0.0,0.0,0.0,0.0,0.0,0.0,0.0,0.0,0.0,0.0,0.0,0.0,0.0,0.0,0.0,0.0,0.0,0.0,0.0,0.0,0.0,0.0
HEAD,1,package util - object Keys - object Request,0.0,0.0,0.0,0.0,0.0,0.0,0.0,0.0,0.0,0.0,0.0,0.0,0.0,0.0,0.0,0.0,0.0,0.0,0.0,0.0,0.0,0.0,0.0,0.0,0.0
HEAD,1,package <empty> - class ScalatraBootstrap,0.0,0.0,0.0,0.5,0.0,0.0,0.5,0.0,0.0,0.0,0.0,0.0,1.0,0.0,0.0,0.0,0.0,0.0,11.5,1.0,7.5,0.0,20.0,1.0,-0.5
HEAD,3,package util - object JDBCUtil - class RichConnection,0.09090909090909091,0.0,0.09090909090909091,2.6363636363636362,0.0,0.2727272727272727,2.272727272727273,0.09090909090909091,0.0,0.6363636363636364,0.0,0.2727272727272727,6.363636363636363,1.1818181818181819,0.2727272727272727,0.2727272727272727,0.0,0.0,4.7272727272727275,0.09090909090909091,1.7272727272727273,0.45454545454545453,8.727272727272727,1.0,0.5454545454545454
HEAD,0,package service - object RepositoryCreationService,0.0,0.0,0.0,0.25,0.0,0.0,0.25,0.0,0.0,0.25,0.0,0.0,0.75,0.0,0.0,0.0,0.0,0.0,2.25,0.5,0.0,0.0,2.75,0.75,0.0
HEAD,1,package service - trait RepositoryCreationService,0.0,0.0,0.0,0.16666666666666666,0.0,0.0,0.16666666666666666,0.0,0.0,0.16666666666666666,0.0,0.5,1.0,0.0,0.0,0.0,0.0,0.0,2.0,0.3333333333333333,0.8333333333333334,0.0,3.1666666666666665,0.8333333333333334,0.0
HEAD,0,package plugin - trait SuggestionProvider,0.0,0.0,0.0,0.2,0.0,0.0,0.2,0.0,0.0,0.0,0.0,0.2,0.6,0.0,0.0,0.0,0.0,0.0,0.0,0.0,0.0,0.0,0.0,0.4,0.4
HEAD,0,package plugin - class UserNameSuggestionProvider,0.0,0.0,0.0,0.0,0.0,0.0,0.0,0.0,0.0,0.0,0.0,1.0,1.0,0.0,0.0,0.0,0.0,0.0,0.0,0.0,0.0,0.0,0.0,1.0,1.0
HEAD,0,package plugin - class IssueSuggestionProvider,0.0,0.0,0.0,0.0,0.0,0.0,0.0,0.0,0.0,0.0,0.0,1.0,1.0,0.0,0.0,0.0,0.0,0.0,0.0,0.0,0.0,0.0,0.0,1.0,1.0
HEAD,2,package service - trait HandleCommentService,0.0,0.0,0.0,4.666666666666667,0.0,0.0,4.666666666666667,0.0,0.0,3.0,0.0,1.0,13.333333333333334,0.0,0.0,0.0,0.0,0.0,3.6666666666666665,0.0,2.6666666666666665,0.3333333333333333,6.666666666666667,1.0,0.0
HEAD,0,package service - trait RequestCache,0.0,0.0,0.0,0.0,0.0,0.0,0.0,0.0,0.0,0.4,0.0,0.8,1.2,0.0,0.0,0.0,0.0,0.0,0.0,0.0,0.0,0.0,0.0,0.8,0.8
HEAD,12,package service - trait RepositoryService,0.0,0.0,0.034482758620689655,0.2413793103448276,0.0,0.0,0.2413793103448276,0.0,0.0,0.896551724137931,0.0,1.0,2.413793103448276,0.0,0.0,0.0,0.0,0.0,0.4482758620689655,0.3448275862068966,0.06896551724137931,0.0,0.8620689655172413,1.0,0.6551724137931034
HEAD,1,package service - object RepositoryService,0.0,0.0,0.0,0.25,0.0,0.0,0.25,0.0,0.0,0.0,0.0,0.75,1.25,0.0,0.0,0.0,0.0,0.0,0.0,0.0,0.0,0.0,0.0,1.0,1.0
HEAD,1,package service - object RepositoryService - class RepositoryInfo,0.0,0.0,0.0,1.0,0.0,0.0,1.0,0.0,0.0,0.0,0.0,0.0,2.0,0.0,0.0,0.0,0.0,0.0,0.0,0.0,0.0,0.0,0.0,0.3333333333333333,0.3333333333333333
HEAD,0,package model - trait IssueCustomFieldComponent - class IssueCustomFields,0.0,0.0,0.0,0.0,0.0,0.0,0.0,0.0,0.0,0.0,0.0,0.0,0.0,0.0,0.0,0.0,0.0,0.0,0.0,0.0,0.0,0.0,0.0,0.0,0.0
HEAD,2,package servlet - class PluginControllerFilter,0.0,0.0,0.0,1.0,0.0,0.0,1.0,0.0,0.0,1.3333333333333333,0.0,0.0,3.3333333333333335,1.0,0.0,0.0,0.6666666666666666,0.3333333333333333,3.6666666666666665,0.6666666666666666,1.3333333333333333,0.3333333333333333,8.0,1.0,-0.3333333333333333
HEAD,0,package api - object ApiReleaseAsset,0.0,0.0,0.0,0.0,0.0,0.0,0.0,0.0,0.0,0.0,0.0,0.0,0.0,0.0,0.0,0.0,0.0,0.0,0.0,0.0,0.0,0.0,0.0,0.0,0.0
HEAD,0,package api - object ApiRelease,0.0,0.0,0.0,1.0,0.0,0.0,1.0,0.0,0.0,0.0,0.0,0.0,2.0,0.0,0.0,0.0,0.0,0.0,0.0,0.0,0.0,0.0,0.0,1.0,1.0
HEAD,0,package model - trait AccountWebHookComponent - class AccountWebHooks,0.0,0.0,0.0,0.0,0.0,0.0,0.0,0.0,0.0,0.0,0.0,0.0,0.0,0.0,0.0,0.0,0.0,0.0,0.0,0.0,0.0,0.0,0.0,0.0,0.0
HEAD,0,package servlet - class PluginAssetsServlet,0.0,0.0,0.0,4.0,0.0,0.0,4.0,0.0,0.0,2.0,0.0,0.0,10.0,0.0,0.0,0.0,0.0,0.0,4.0,1.0,2.0,0.0,7.0,1.0,0.0
HEAD,0,package api - object ApiIssue,0.0,0.0,0.0,0.0,0.0,0.0,0.0,0.0,0.0,0.0,0.0,0.0,0.0,0.0,0.0,0.0,0.0,0.0,0.0,0.0,0.0,0.0,0.0,0.0,0.0
HEAD,0,package ssh - class NoShell,0.0,0.0,6.0,0.0,0.0,0.0,0.0,0.0,0.0,0.0,0.0,0.0,6.0,17.0,4.0,0.0,9.0,4.0,16.0,0.0,9.0,0.0,59.0,1.0,0.0
HEAD,0,package ssh - class NoShell - method createShell - <$anon: <error>>,0.0,0.0,0.0,0.0,0.0,0.0,0.0,0.0,0.0,0.0,0.0,0.0,0.0,2.1666666666666665,0.0,0.0,1.5,0.6666666666666666,2.6666666666666665,1.0,1.5,0.0,9.5,1.0,-1.0
HEAD,0,package model - trait IssueCommentComponent - class IssueComments,0.0,0.0,0.0,0.0,0.0,0.0,0.0,0.0,0.0,0.0,0.0,0.0,0.0,0.0,0.0,0.0,0.0,0.0,0.0,0.0,0.0,0.0,0.0,0.0,0.0
HEAD,0,package model - trait CommitCommentComponent - class CommitComments,0.0,0.0,0.0,0.0,0.0,0.0,0.0,0.0,0.0,0.0,0.0,0.0,0.0,0.0,0.0,0.0,0.0,0.0,0.0,0.0,0.0,0.0,0.0,0.0,0.0
HEAD,0,package plugin - class PluginRegistry,0.0,0.0,0.0,0.38461538461538464,0.0,0.19230769230769232,0.19230769230769232,0.0,0.0,0.019230769230769232,0.0,0.0,0.7884615384615384,0.0,0.0,0.0,0.0,0.0,1.3461538461538463,0.4807692307692308,0.0,0.0,1.8269230769230769,0.5192307692307693,-0.25
HEAD,0,package plugin - object PluginRegistry,0.0,0.0,0.1111111111111111,0.8888888888888888,0.0,0.0,0.8888888888888888,0.0,0.0,0.3333333333333333,0.2222222222222222,0.0,2.4444444444444446,3.0,0.0,0.0,2.3333333333333335,0.6666666666666666,7.111111111111111,0.4444444444444444,3.6666666666666665,0.3333333333333333,17.555555555555557,1.0,0.1111111111111111
HEAD,0,package plugin - object PluginRegistry - method listPluginJars - <$anon: java.io.FilenameFilter>,0.0,0.0,0.0,0.0,0.0,0.0,0.0,0.0,0.0,0.0,0.0,0.0,0.0,0.0,0.0,0.0,0.0,0.0,0.0,0.0,0.0,0.0,0.0,0.0,0.0
HEAD,0,package plugin - class PluginWatchThread,0.0,0.0,1.0,2.0,0.0,0.0,2.0,0.0,0.0,0.0,0.0,0.0,5.0,0.0,0.0,0.0,0.0,0.0,19.0,1.0,7.0,1.0,28.0,1.0,0.0
HEAD,0,package plugin - class PluginWatchThread - method run - <$anon: Thread>,0.0,0.0,0.0,0.0,0.0,0.0,0.0,0.0,0.0,0.0,0.0,0.0,0.0,0.0,0.0,0.0,0.0,0.0,1.0,1.0,0.0,0.0,2.0,1.0,-1.0
HEAD,0,package service - trait AccessTokenService,0.0,0.0,0.0,0.14285714285714285,0.0,0.0,0.14285714285714285,0.0,0.0,0.2857142857142857,0.0,0.7142857142857143,1.2857142857142858,1.1428571428571428,0.2857142857142857,0.2857142857142857,0.0,0.0,1.4285714285714286,0.14285714285714285,0.5714285714285714,0.0,3.857142857142857,0.8571428571428571,0.42857142857142855
HEAD,1,package ssh - object SshUtil,0.0,0.0,0.0,0.0,0.0,0.0,0.0,0.0,0.0,0.0,0.0,0.0,0.0,0.0,0.0,0.0,0.0,0.0,1.0,0.0,1.0,0.0,2.0,0.5,-0.5
HEAD,0,package servlet - class SessionCleanupListener,0.0,0.0,0.0,0.0,0.0,0.0,0.0,0.0,0.0,0.0,0.0,0.0,0.0,0.0,0.0,0.0,0.0,0.0,1.5,1.0,0.0,0.0,2.5,1.0,-1.0
HEAD,1,package model - trait DeployKeyComponent - class DeployKeys,0.0,0.0,0.0,0.0,0.0,0.0,0.0,0.0,0.0,0.0,0.0,0.0,0.0,0.0,0.0,0.0,0.0,0.0,0.0,0.0,0.0,0.0,0.0,0.0,0.0
HEAD,0,package util - object Implicits,0.0,0.0,0.0,0.0,0.0,0.0,0.0,0.0,0.0,0.0,0.0,0.0,0.0,0.0,0.0,0.0,0.0,0.0,0.0,0.0,0.0,0.0,0.0,0.0,0.0
HEAD,0,package util - object Implicits - class RichSeq,1.0,0.0,0.0,3.0,0.0,1.0,1.5,0.5,0.0,1.0,0.0,0.5,8.5,0.0,0.0,0.0,0.0,0.0,0.0,0.0,0.0,0.0,0.0,1.0,1.0
HEAD,0,package util - object Implicits - class RichString,0.0,0.0,0.0,1.5,0.0,0.5,0.5,0.5,0.0,0.5,0.0,0.5,4.0,2.5,0.5,0.5,0.0,0.0,1.5,0.0,1.0,0.0,6.0,0.5,0.0
HEAD,0,package util - object Implicits - class RichRequest,0.0,0.0,0.0,0.0,0.0,0.0,0.0,0.0,0.0,0.25,0.0,0.0,0.25,0.0,0.0,0.0,0.0,0.0,0.0,0.0,0.0,0.0,0.0,0.25,0.25
HEAD,0,package util - object Implicits - class RichSession,0.0,0.0,0.0,0.0,0.0,0.0,0.0,0.0,0.0,0.0,0.0,0.0,0.0,0.0,0.0,0.0,0.0,0.0,1.0,0.0,0.0,0.0,1.0,1.0,-1.0
HEAD,1,package api - trait ApiRepositoryCommitControllerBase,0.0,0.0,0.0,0.0,0.0,0.0,0.0,0.0,0.0,0.0,0.0,0.0,0.0,0.0,0.0,0.0,0.0,0.0,0.0,0.0,0.0,0.0,0.0,0.0,0.0
HEAD,0,package plugin - trait GitRepositoryFilter,0.0,0.0,0.0,0.0,0.0,0.0,0.0,0.0,0.0,0.0,0.0,1.0,1.0,0.0,0.0,0.0,0.0,0.0,0.0,0.0,0.0,0.0,0.0,1.0,1.0
HEAD,0,package service - trait DeployKeyService,0.0,0.0,0.0,0.0,0.0,0.0,0.0,0.0,0.0,0.0,0.0,1.0,1.0,0.0,0.0,0.0,0.0,0.0,0.5,0.5,0.0,0.0,1.0,1.0,0.5
HEAD,0,package service - trait IssueCreationService,0.0,0.0,0.0,0.75,0.0,0.0,0.75,0.0,0.0,0.25,0.0,1.0,2.75,0.0,0.0,0.0,0.0,0.0,1.5,0.0,0.75,0.0,2.25,1.0,0.75
HEAD,4,package service - trait WebHookService,0.0,0.0,0.1111111111111111,0.5,0.0,0.0,0.5,0.0,0.0,0.6111111111111112,0.0,1.0,2.7222222222222223,0.0,0.0,0.0,0.0,0.0,2.0,0.5,0.1111111111111111,0.0,2.611111111111111,1.0,0.4444444444444444
HEAD,0,package service - trait WebHookService - method callWebHook - <$anon: <error>>,0.0,0.0,0.0,0.0,0.0,0.0,0.0,0.0,0.0,0.0,0.0,0.0,0.0,0.0,0.0,0.0,0.0,0.0,1.0,0.0,0.0,0.0,1.0,1.0,-1.0
HEAD,0,package service - trait WebHookPullRequestService,0.0,0.0,0.0,0.75,0.0,0.0,0.75,0.0,0.0,2.5,0.0,1.0,5.0,0.0,0.0,0.0,0.0,0.0,0.75,0.75,0.0,0.0,1.5,1.0,0.25
HEAD,0,package service - trait WebHookPullRequestReviewCommentService,0.0,0.0,0.0,0.0,0.0,0.0,0.0,0.0,0.0,2.0,0.0,1.0,3.0,0.0,0.0,0.0,0.0,0.0,1.0,1.0,0.0,0.0,2.0,1.0,0.0
HEAD,0,package service - trait WebHookIssueCommentService,0.0,0.0,0.0,3.0,0.0,0.0,3.0,0.0,0.0,2.0,0.0,1.0,9.0,0.0,0.0,0.0,0.0,0.0,1.0,1.0,0.0,0.0,2.0,1.0,0.0
HEAD,0,package service - object WebHookService - object WebHookCreatePayload,0.0,0.0,0.0,0.0,0.0,0.0,0.0,0.0,0.0,0.0,0.0,0.0,0.0,0.0,0.0,0.0,0.0,0.0,0.0,0.0,0.0,0.0,0.0,0.0,0.0
HEAD,0,package service - object WebHookService - object WebHookPushPayload,0.0,0.0,0.0,0.5,0.0,0.0,0.5,0.0,0.0,0.0,0.0,0.0,1.0,0.0,0.0,0.0,0.0,0.0,0.0,0.0,0.0,0.0,0.0,0.5,0.5
HEAD,0,package service - object WebHookService - object WebHookPullRequestPayload,0.0,0.0,0.0,1.0,0.0,0.0,1.0,0.0,0.0,0.0,0.0,0.0,2.0,0.0,0.0,0.0,0.0,0.0,0.0,0.0,0.0,0.0,0.0,1.0,1.0
HEAD,0,package service - object WebHookService - object WebHookIssueCommentPayload,0.0,0.0,0.0,2.0,0.0,0.0,2.0,0.0,0.0,0.0,0.0,0.0,4.0,0.0,0.0,0.0,0.0,0.0,0.0,0.0,0.0,0.0,0.0,1.0,1.0
HEAD,0,package service - object WebHookService - object WebHookPullRequestReviewCommentPayload,0.0,0.0,0.0,1.0,0.0,0.0,1.0,0.0,0.0,0.0,0.0,0.0,2.0,0.0,0.0,0.0,0.0,0.0,0.0,0.0,0.0,0.0,0.0,1.0,1.0
HEAD,0,package service - object WebHookService - object WebHookGollumPayload,0.0,0.0,0.0,0.5,0.0,0.0,0.5,0.0,0.0,0.5,0.0,0.0,1.5,0.0,0.0,0.0,0.0,0.0,0.0,0.0,0.0,0.0,0.0,0.5,0.5
HEAD,0,package model - trait IssueLabelComponent - class IssueLabels,0.0,0.0,0.0,0.0,0.0,0.0,0.0,0.0,0.0,0.0,0.0,0.0,0.0,0.0,0.0,0.0,0.0,0.0,0.0,0.0,0.0,0.0,0.0,0.0,0.0
HEAD,0,package model - trait IssueAssigneeComponent - class IssueAssignees,0.0,0.0,0.0,0.0,0.0,0.0,0.0,0.0,0.0,0.0,0.0,0.0,0.0,0.0,0.0,0.0,0.0,0.0,0.0,0.0,0.0,0.0,0.0,0.0,0.0
HEAD,2,package util - object FileUtil,0.06666666666666667,0.0,0.0,0.2,0.0,0.06666666666666667,0.06666666666666667,0.06666666666666667,0.0,0.2,0.0,0.06666666666666667,0.7333333333333333,0.0,0.0,0.0,0.0,0.0,0.8,0.06666666666666667,0.06666666666666667,0.0,0.9333333333333333,0.4666666666666667,-0.06666666666666667
HEAD,0,package api - object ApiPlugin,0.0,0.0,0.0,0.0,0.0,0.0,0.0,0.0,0.0,0.0,0.0,0.0,0.0,0.0,0.0,0.0,0.0,0.0,0.0,0.0,0.0,0.0,0.0,0.0,0.0
HEAD,1,package controller - trait PrioritiesControllerBase,0.0,0.0,1.0,2.0,0.0,0.0,2.0,0.0,0.0,0.0,0.0,0.0,5.0,0.0,0.0,0.0,0.0,0.0,0.0,0.0,0.0,0.0,0.0,1.0,1.0
HEAD,0,package controller - trait PrioritiesControllerBase - method priorityName - <$anon: <error>>,0.0,0.0,0.0,0.0,0.0,0.0,0.0,0.0,0.0,0.0,0.0,0.0,0.0,0.0,0.0,0.0,0.0,0.0,0.0,0.0,0.0,0.0,0.0,0.0,0.0
HEAD,0,package controller - trait PrioritiesControllerBase - method uniquePriorityName - <$anon: <error>>,0.0,0.0,0.0,4.0,0.0,0.0,4.0,0.0,0.0,0.0,0.0,0.0,8.0,0.0,0.0,0.0,0.0,0.0,0.0,0.0,0.0,0.0,0.0,1.0,1.0
HEAD,0,package plugin - trait AccountHook,0.0,0.0,0.0,0.0,0.0,0.0,0.0,0.0,0.0,0.0,0.0,1.0,1.0,0.0,0.0,0.0,0.0,0.0,2.0,1.0,0.0,0.0,3.0,1.0,0.0
HEAD,1,package service - trait ActivityService,0.0,0.0,0.0,1.1428571428571428,0.0,0.14285714285714285,0.8571428571428571,0.0,0.0,0.14285714285714285,0.0,0.8571428571428571,3.142857142857143,0.5714285714285714,0.14285714285714285,0.14285714285714285,0.0,0.0,1.1428571428571428,0.2857142857142857,0.42857142857142855,0.0,2.7142857142857144,1.0,0.42857142857142855
HEAD,0,package service - object ActivityService,0.0,0.0,0.0,0.0,0.0,0.0,0.0,0.0,0.0,0.0,0.0,0.0,0.0,0.0,0.0,0.0,0.0,0.0,0.0,0.0,0.0,0.0,0.0,0.0,0.0
HEAD,0,package service - trait ReleaseService,0.0,0.0,0.0,0.09090909090909091,0.0,0.0,0.09090909090909091,0.0,0.0,0.0,0.0,1.0,1.1818181818181819,0.0,0.0,0.0,0.0,0.0,0.2727272727272727,0.2727272727272727,0.0,0.0,0.5454545454545454,1.0,0.7272727272727273
HEAD,2,package util - object DatabaseConfig,0.0,0.0,0.0,1.3333333333333333,0.0,0.6666666666666666,0.0,0.6666666666666666,0.0,0.0,0.0,0.6666666666666666,3.3333333333333335,0.0,0.0,0.0,0.0,0.0,0.3333333333333333,0.0,0.0,0.0,0.3333333333333333,1.0,0.3333333333333333
HEAD,0,package util - object DatabaseType,0.0,0.0,0.0,0.0,0.0,0.0,0.0,0.0,0.0,0.0,0.0,0.0,0.0,0.0,0.0,0.0,0.0,0.0,0.0,0.0,0.0,0.0,0.0,0.0,0.0
HEAD,0,package util - object DatabaseType - object BlockingPostgresDriver,0.0,0.0,0.0,1.0,0.0,0.0,1.0,0.0,0.0,0.0,0.0,0.0,2.0,0.0,0.0,0.0,0.0,0.0,1.0,0.0,1.0,0.0,2.0,1.0,0.0
HEAD,0,package activity - class MergeInfo,0.0,0.0,0.0,0.0,0.0,0.0,0.0,0.0,0.0,0.0,0.0,0.0,0.0,0.0,0.0,0.0,0.0,0.0,0.0,0.0,0.0,0.0,0.0,0.0,0.0
HEAD,0,package model - trait PriorityComponent - class Priorities,0.0,0.0,0.0,0.0,0.0,0.0,0.0,0.0,0.0,0.0,0.0,0.0,0.0,0.0,0.0,0.0,0.0,0.0,0.0,0.0,0.0,0.0,0.0,0.0,0.0
HEAD,0,package api - class CreateALabel,0.0,0.0,0.0,0.0,0.0,0.0,0.0,0.0,0.0,0.0,0.0,0.0,0.0,0.0,0.0,0.0,0.0,0.0,0.0,0.0,0.0,0.0,0.0,0.0,0.0
HEAD,0,package service - trait SshKeyService,0.0,0.0,0.0,0.0,0.0,0.0,0.0,0.0,0.0,0.0,0.0,1.0,1.0,0.0,0.0,0.0,0.0,0.0,0.5,0.5,0.0,0.0,1.0,1.0,0.5
HEAD,2,package controller - trait MilestonesControllerBase,0.0,0.0,1.0,4.0,0.0,0.0,4.0,0.0,0.0,2.0,0.0,0.0,11.0,0.0,0.0,0.0,0.0,0.0,0.0,0.0,0.0,0.0,0.0,1.0,1.0
HEAD,1,package controller - trait MilestonesControllerBase - method uniqueMilestone - <$anon: <error>>,0.0,0.0,0.0,4.0,0.0,0.0,4.0,0.0,0.0,2.0,0.0,0.0,10.0,0.0,0.0,0.0,0.0,0.0,0.0,0.0,0.0,0.0,0.0,1.0,1.0
HEAD,2,package controller - trait WikiControllerBase,0.0,0.0,0.5,0.875,0.0,0.0,0.875,0.0,0.0,0.125,0.0,0.125,2.5,0.0,0.0,0.0,0.0,0.0,0.0,0.0,0.0,0.0,0.0,0.75,0.75
HEAD,0,package controller - trait WikiControllerBase - method unique - <$anon: <error>>,0.0,0.0,0.0,2.0,0.0,0.0,2.0,0.0,0.0,0.0,0.0,0.0,4.0,0.0,0.0,0.0,0.0,0.0,0.0,0.0,0.0,0.0,0.0,1.0,1.0
HEAD,0,package controller - trait WikiControllerBase - method pageName - <$anon: <error>>,0.0,0.0,0.0,1.0,0.0,0.0,1.0,0.0,0.0,0.0,0.0,0.0,2.0,0.0,0.0,0.0,0.0,0.0,0.0,0.0,0.0,0.0,0.0,1.0,1.0
HEAD,0,package controller - trait WikiControllerBase - method conflictForNew - <$anon: <error>>,0.0,0.0,0.0,1.0,0.0,0.0,1.0,0.0,0.0,0.0,0.0,0.0,2.0,0.0,0.0,0.0,0.0,0.0,0.0,0.0,0.0,0.0,0.0,1.0,1.0
HEAD,0,package controller - trait WikiControllerBase - method conflictForEdit - <$anon: <error>>,0.0,0.0,0.0,2.0,0.0,0.0,2.0,0.0,0.0,0.0,0.0,0.0,4.0,0.0,0.0,0.0,0.0,0.0,0.0,0.0,0.0,0.0,0.0,1.0,1.0
HEAD,0,package service - trait RepositorySearchService,0.0,0.0,0.0,1.5714285714285714,0.0,0.0,1.5714285714285714,0.0,0.0,0.7142857142857143,0.0,0.2857142857142857,4.142857142857143,0.0,0.0,0.0,0.0,0.0,2.0,0.0,0.7142857142857143,0.0,2.7142857142857144,1.0,0.8571428571428571
HEAD,0,package service - object RepositorySearchService,0.0,0.0,0.0,3.0,0.0,0.0,3.0,0.0,0.0,0.0,0.0,0.0,6.0,0.0,0.0,0.0,0.0,0.0,0.0,0.0,0.0,0.0,0.0,1.0,1.0
HEAD,0,package activity - class IssueCommentInfo,0.0,0.0,0.0,0.0,0.0,0.0,0.0,0.0,0.0,0.0,0.0,0.0,0.0,0.0,0.0,0.0,0.0,0.0,0.0,0.0,0.0,0.0,0.0,0.0,0.0
HEAD,0,package activity - class PullRequestCommentInfo,0.0,0.0,0.0,0.0,0.0,0.0,0.0,0.0,0.0,0.0,0.0,0.0,0.0,0.0,0.0,0.0,0.0,0.0,0.0,0.0,0.0,0.0,0.0,0.0,0.0
HEAD,0,package activity - class CommitCommentInfo,0.0,0.0,0.0,0.0,0.0,0.0,0.0,0.0,0.0,0.0,0.0,0.0,0.0,0.0,0.0,0.0,0.0,0.0,0.0,0.0,0.0,0.0,0.0,0.0,0.0
HEAD,0,package model - trait AccountFederationComponent - class AccountFederations,0.0,0.0,0.0,0.0,0.0,0.0,0.0,0.0,0.0,0.0,0.0,0.0,0.0,0.0,0.0,0.0,0.0,0.0,0.0,0.0,0.0,0.0,0.0,0.0,0.0
HEAD,0,package model - trait AccessTokenComponent - class AccessTokens,0.0,0.0,0.0,0.0,0.0,0.0,0.0,0.0,0.0,0.0,0.0,0.0,0.0,0.0,0.0,0.0,0.0,0.0,0.0,0.0,0.0,0.0,0.0,0.0,0.0
HEAD,0,package service - trait CommitStatusService,0.0,0.0,0.0,0.0,0.0,0.0,0.0,0.0,0.0,0.25,0.0,1.0,1.25,0.0,0.0,0.0,0.0,0.0,0.0,0.0,0.0,0.0,0.0,1.0,1.0
HEAD,5,package service - trait AccountService,0.0,0.0,0.0,0.16666666666666666,0.0,0.0,0.16666666666666666,0.0,0.0,0.3333333333333333,0.0,0.9333333333333333,1.6,0.0,0.0,0.0,0.0,0.0,0.9333333333333333,0.4,0.23333333333333334,0.0,1.5666666666666667,0.9333333333333333,0.4666666666666667
