commit,faults,path,SwitchCount,MaxStretch,MaxStretchNormalized,MinStretch,MinStretchNormalized,AvgStretch,AvgStretchNormalized
HEAD,0,package util - object HttpClientUtil,2.0,34.0,0.7906976744186046,7.0,0.16279069767441862,20.333333333333332,0.4728682170542635
HEAD,0,package activity - class CreateRepositoryInfo,0.0,18.0,1.0,18.0,1.0,18.0,1.0
HEAD,0,package activity - class DeleteRepositoryInfo,0.0,18.0,1.0,18.0,1.0,18.0,1.0
HEAD,0,package activity - class TransferRepositoryInfo,0.0,19.0,1.0,19.0,1.0,19.0,1.0
HEAD,0,package activity - class RenameRepositoryInfo,0.0,19.0,1.0,19.0,1.0,19.0,1.0
HEAD,0,package plugin - object Sessions,0.0,0.0,0.0,0.0,0.0,0.0,0.0
HEAD,2,package controller - class IssuesController,0.0,0.0,0.0,0.0,0.0,0.0,0.0
HEAD,5,package controller - trait IssuesControllerBase,20.0,119.0,0.2262357414448669,1.0,0.0019011406844106464,31.61904761904762,0.06011225783088901
HEAD,0,package controller - trait IssuesControllerBase - class IssueCreateForm,0.0,8.0,1.0,8.0,1.0,8.0,1.0
HEAD,0,package controller - trait IssuesControllerBase - class CommentForm,0.0,1.0,1.0,1.0,1.0,1.0,1.0
HEAD,0,package controller - trait IssuesControllerBase - class IssueStateForm,0.0,1.0,1.0,1.0,1.0,1.0,1.0
HEAD,0,package api - class ApiMilestone,0.0,17.0,1.0,17.0,1.0,17.0,1.0
HEAD,0,package api - object ApiMilestone,0.0,0.0,0.0,0.0,0.0,0.0,0.0
HEAD,0,package api - class CreateAUser,0.0,9.0,1.0,9.0,1.0,9.0,1.0
HEAD,11,package util - object JGitUtil,59.0,162.0,0.11807580174927114,1.0,7.288629737609329E-4,29.616666666666667,0.021586491739552963
HEAD,0,package util - object JGitUtil - class RepositoryInfo,0.0,3.0,1.0,3.0,1.0,3.0,1.0
HEAD,0,package util - object JGitUtil - class FileInfo,0.0,12.0,1.0,12.0,1.0,12.0,1.0
HEAD,0,package util - object JGitUtil - class GpgSignInfo,0.0,1.0,1.0,1.0,1.0,1.0,1.0
HEAD,0,package util - object JGitUtil - class GpgVerifyInfo,0.0,1.0,1.0,1.0,1.0,1.0,1.0
HEAD,0,package util - object JGitUtil - class CommitInfo,0.0,44.0,1.0,44.0,1.0,44.0,1.0
HEAD,0,package util - object JGitUtil - class DiffInfo,0.0,15.0,1.0,15.0,1.0,15.0,1.0
HEAD,0,package util - object JGitUtil - class ContentInfo,0.0,7.0,1.0,7.0,1.0,7.0,1.0
HEAD,0,package util - object JGitUtil - class TagInfo,0.0,1.0,1.0,1.0,1.0,1.0,1.0
HEAD,0,package util - object JGitUtil - class SubmoduleInfo,0.0,1.0,1.0,1.0,1.0,1.0,1.0
HEAD,0,package util - object JGitUtil - class BranchMergeInfo,0.0,1.0,1.0,1.0,1.0,1.0,1.0
HEAD,0,package util - object JGitUtil - class BranchInfoSimple,0.0,7.0,1.0,7.0,1.0,7.0,1.0
HEAD,0,package util - object JGitUtil - class BranchInfo,0.0,8.0,1.0,8.0,1.0,8.0,1.0
HEAD,0,package util - object JGitUtil - class BlameInfo,0.0,11.0,1.0,11.0,1.0,11.0,1.0
HEAD,0,package core - package model - package object model,0.0,0.0,0.0,0.0,0.0,0.0,0.0
HEAD,0,package util - object AuthUtil,0.0,0.0,0.0,0.0,0.0,0.0,0.0
HEAD,2,package service - trait MilestonesService,0.0,81.0,1.0,81.0,1.0,81.0,1.0
HEAD,3,package servlet - class GitRepositoryServlet,5.0,59.0,0.5175438596491229,8.0,0.07017543859649122,25.666666666666668,0.22514619883040937
HEAD,1,package servlet - class GitBucketRepositoryResolver,0.0,16.0,1.0,16.0,1.0,16.0,1.0
HEAD,0,package servlet - class GitBucketReceivePackFactory,0.0,39.0,1.0,39.0,1.0,39.0,1.0
HEAD,7,package servlet - class CommitLogHook,29.0,46.0,0.19008264462809918,2.0,0.008264462809917356,11.433333333333334,0.047245179063360884
HEAD,1,package servlet - class WikiCommitHook,9.0,39.0,0.3979591836734694,3.0,0.030612244897959183,14.9,0.1520408163265306
HEAD,0,package servlet - object GitLfs,0.0,41.0,1.0,41.0,1.0,41.0,1.0
HEAD,0,package servlet - object GitLfs - class BatchRequest,0.0,5.0,1.0,5.0,1.0,5.0,1.0
HEAD,0,package servlet - object GitLfs - class BatchRequestObject,0.0,4.0,1.0,4.0,1.0,4.0,1.0
HEAD,0,package servlet - object GitLfs - class BatchUploadResponse,0.0,4.0,1.0,4.0,1.0,4.0,1.0
HEAD,0,package servlet - object GitLfs - class BatchResponseObject,0.0,6.0,1.0,6.0,1.0,6.0,1.0
HEAD,0,package servlet - object GitLfs - class Actions,0.0,4.0,1.0,4.0,1.0,4.0,1.0
HEAD,0,package servlet - object GitLfs - class Action,0.0,5.0,1.0,5.0,1.0,5.0,1.0
HEAD,0,package servlet - object GitLfs - class Error,0.0,3.0,1.0,3.0,1.0,3.0,1.0
HEAD,1,package ssh - object GitCommand,0.0,0.0,0.0,0.0,0.0,0.0,0.0
HEAD,3,package ssh - class GitCommand,2.0,47.0,0.7704918032786885,3.0,0.04918032786885246,21.666666666666668,0.3551912568306011
HEAD,0,package ssh - class DefaultGitCommand,0.0,49.0,1.0,49.0,1.0,49.0,1.0
HEAD,2,package ssh - class DefaultGitUploadPack,4.0,9.0,0.4090909090909091,1.0,0.045454545454545456,6.4,0.29090909090909095
HEAD,2,package ssh - class DefaultGitReceivePack,4.0,13.0,0.4642857142857143,1.0,0.03571428571428571,7.6,0.2714285714285714
HEAD,2,package ssh - class PluginGitUploadPack,4.0,7.0,0.3684210526315789,1.0,0.05263157894736842,5.6,0.29473684210526313
HEAD,2,package ssh - class PluginGitReceivePack,4.0,7.0,0.3684210526315789,1.0,0.05263157894736842,5.6,0.29473684210526313
HEAD,0,package ssh - class GitCommandFactory,1.0,32.0,0.8421052631578947,9.0,0.23684210526315788,20.5,0.5394736842105263
HEAD,0,package ssh - object PublicKeyAuthenticator,0.0,28.0,1.0,28.0,1.0,28.0,1.0
HEAD,0,package ssh - object PublicKeyAuthenticator - trait AuthType,0.0,1.0,1.0,1.0,1.0,1.0,1.0
HEAD,0,package ssh - object PublicKeyAuthenticator - object AuthType,0.0,14.0,1.0,14.0,1.0,14.0,1.0
HEAD,0,package ssh - object PublicKeyAuthenticator - object AuthType - class UserAuthType,0.0,1.0,1.0,1.0,1.0,1.0,1.0
HEAD,0,package ssh - object PublicKeyAuthenticator - object AuthType - class DeployKeyType,0.0,1.0,1.0,1.0,1.0,1.0,1.0
HEAD,0,package ssh - class PublicKeyAuthenticator,2.0,47.0,0.6438356164383562,12.0,0.1643835616438356,27.333333333333332,0.3744292237442922
HEAD,2,package api - trait ApiPullRequestControllerBase,0.0,311.0,1.0,311.0,1.0,311.0,1.0
HEAD,0,package controller - trait ValidationSupport,2.0,58.0,0.7341772151898734,22.0,0.27848101265822783,35.0,0.4430379746835443
HEAD,1,package controller - class AccountController,0.0,0.0,0.0,0.0,0.0,0.0,0.0
HEAD,14,package controller - trait AccountControllerBase,16.0,245.0,0.27714932126696834,2.0,0.0022624434389140274,57.76470588235294,0.06534468991216397
HEAD,0,package controller - trait AccountControllerBase - class AccountNewForm,0.0,10.0,1.0,10.0,1.0,10.0,1.0
HEAD,0,package controller - trait AccountControllerBase - class AccountEditForm,0.0,10.0,1.0,10.0,1.0,10.0,1.0
HEAD,0,package controller - trait AccountControllerBase - class SshKeyForm,0.0,1.0,1.0,1.0,1.0,1.0,1.0
HEAD,0,package controller - trait AccountControllerBase - class GpgKeyForm,0.0,1.0,1.0,1.0,1.0,1.0,1.0
HEAD,0,package controller - trait AccountControllerBase - class PersonalTokenForm,0.0,1.0,1.0,1.0,1.0,1.0,1.0
HEAD,0,package controller - trait AccountControllerBase - class SyntaxHighlighterThemeForm,0.0,1.0,1.0,1.0,1.0,1.0,1.0
HEAD,0,package controller - trait AccountControllerBase - class NewGroupForm,0.0,7.0,1.0,7.0,1.0,7.0,1.0
HEAD,0,package controller - trait AccountControllerBase - class EditGroupForm,0.0,8.0,1.0,8.0,1.0,8.0,1.0
HEAD,0,package controller - trait AccountControllerBase - class ResetPasswordEmailForm,0.0,3.0,1.0,3.0,1.0,3.0,1.0
HEAD,0,package controller - trait AccountControllerBase - class ResetPasswordForm,0.0,4.0,1.0,4.0,1.0,4.0,1.0
HEAD,0,package controller - trait AccountControllerBase - class RepositoryCreationForm,0.0,8.0,1.0,8.0,1.0,8.0,1.0
HEAD,0,package controller - trait AccountControllerBase - class AccountForm,0.0,1.0,1.0,1.0,1.0,1.0,1.0
HEAD,0,package controller - trait AccountControllerBase - class AccountWebHookForm,0.0,6.0,1.0,6.0,1.0,6.0,1.0
HEAD,0,package controller - trait AccountControllerBase - method accountWebHook - <$anon: <error>>,0.0,0.0,0.0,0.0,0.0,0.0,0.0
HEAD,0,package controller - trait AccountControllerBase - method accountWebhookEvents - <$anon: <error>>,0.0,13.0,1.0,13.0,1.0,13.0,1.0
HEAD,0,package controller - trait AccountControllerBase - method existsAccount - <$anon: <error>>,0.0,0.0,0.0,0.0,0.0,0.0,0.0
HEAD,0,package controller - trait AccountControllerBase - method uniqueRepository - <$anon: <error>>,0.0,15.0,1.0,15.0,1.0,15.0,1.0
HEAD,0,package controller - trait AccountControllerBase - method members - <$anon: <error>>,0.0,10.0,1.0,10.0,1.0,10.0,1.0
HEAD,0,package controller - trait AccountControllerBase - method validPublicKey - <$anon: <error>>,0.0,7.0,1.0,7.0,1.0,7.0,1.0
HEAD,0,package controller - trait AccountControllerBase - method validGpgPublicKey - <$anon: <error>>,0.0,13.0,1.0,13.0,1.0,13.0,1.0
HEAD,0,package controller - trait AccountControllerBase - method validAccountName - <$anon: <error>>,0.0,8.0,1.0,8.0,1.0,8.0,1.0
HEAD,0,package api - trait ApiOrganizationControllerBase,0.0,69.0,1.0,69.0,1.0,69.0,1.0
HEAD,0,package api - class UpdateARef,0.0,1.0,1.0,1.0,1.0,1.0,1.0
HEAD,0,package util - trait OneselfAuthenticator,0.0,12.0,1.0,12.0,1.0,12.0,1.0
HEAD,0,package util - trait OwnerAuthenticator,0.0,23.0,1.0,23.0,1.0,23.0,1.0
HEAD,0,package util - trait UsersAuthenticator,0.0,11.0,1.0,11.0,1.0,11.0,1.0
HEAD,0,package util - trait AdminAuthenticator,0.0,11.0,1.0,11.0,1.0,11.0,1.0
HEAD,1,package util - trait ReferrerAuthenticator,0.0,16.0,1.0,16.0,1.0,16.0,1.0
HEAD,0,package util - trait ReadableUsersAuthenticator,0.0,18.0,1.0,18.0,1.0,18.0,1.0
HEAD,0,package util - trait WritableUsersAuthenticator,0.0,23.0,1.0,23.0,1.0,23.0,1.0
HEAD,2,package util - trait GroupManagerAuthenticator,0.0,16.0,1.0,16.0,1.0,16.0,1.0
HEAD,0,package api - class ApiPersonIdent,0.0,1.0,1.0,1.0,1.0,1.0,1.0
HEAD,0,package api - object ApiPersonIdent,0.0,0.0,0.0,0.0,0.0,0.0,0.0
HEAD,0,package controller - class IndexController,0.0,0.0,0.0,0.0,0.0,0.0,0.0
HEAD,4,package controller - trait IndexControllerBase,6.0,132.0,0.44,2.0,0.006666666666666667,49.714285714285715,0.16571428571428573
HEAD,0,package controller - trait IndexControllerBase - class SignInForm,0.0,1.0,1.0,1.0,1.0,1.0,1.0
HEAD,0,package controller - trait IndexControllerBase - class OidcAuthContext,0.0,1.0,1.0,1.0,1.0,1.0,1.0
HEAD,0,package controller - trait IndexControllerBase - class OidcSessionContext,0.0,1.0,1.0,1.0,1.0,1.0,1.0
HEAD,0,package model - trait GroupMemberComponent,0.0,12.0,1.0,12.0,1.0,12.0,1.0
HEAD,0,package model - trait GroupMemberComponent - class GroupMembers,0.0,0.0,0.0,0.0,0.0,0.0,0.0
HEAD,0,package model - class GroupMember,0.0,5.0,1.0,5.0,1.0,5.0,1.0
HEAD,0,package service - object WikiService,0.0,30.0,1.0,30.0,1.0,30.0,1.0
HEAD,0,package service - object WikiService - class WikiPageInfo,0.0,1.0,1.0,1.0,1.0,1.0,1.0
HEAD,0,package service - object WikiService - class WikiPageHistoryInfo,0.0,1.0,1.0,1.0,1.0,1.0,1.0
HEAD,2,package service - trait WikiService,24.0,70.0,0.23809523809523808,2.0,0.006802721088435374,17.84,0.06068027210884354
HEAD,0,package service - trait WikiService - method revertWikiPage - class RevertInfo,0.0,1.0,1.0,1.0,1.0,1.0,1.0
HEAD,0,package plugin - trait TextDecorator,0.0,5.0,1.0,5.0,1.0,5.0,1.0
HEAD,0,package api - class MergeAPullRequest,0.0,7.0,1.0,7.0,1.0,7.0,1.0
HEAD,0,package api - class SuccessToMergePrResponse,0.0,5.0,1.0,5.0,1.0,5.0,1.0
HEAD,0,package api - class FailToMergePrResponse,0.0,4.0,1.0,4.0,1.0,4.0,1.0
HEAD,0,package service - trait GpgKeyService,2.0,8.0,0.5333333333333333,3.0,0.2,6.333333333333333,0.4222222222222222
HEAD,0,package api - class ApiCommit,0.0,14.0,1.0,14.0,1.0,14.0,1.0
HEAD,0,package api - object ApiCommit,0.0,21.0,1.0,21.0,1.0,21.0,1.0
HEAD,0,package controller - class PullRequestsController,0.0,0.0,0.0,0.0,0.0,0.0,0.0
HEAD,12,package controller - trait PullRequestsControllerBase,12.0,472.0,0.6733238231098431,2.0,0.0028530670470756064,60.53846153846154,0.08636014484801932
HEAD,1,package controller - trait PullRequestsControllerBase - class PullRequestForm,0.0,16.0,1.0,16.0,1.0,16.0,1.0
HEAD,0,package controller - trait PullRequestsControllerBase - class MergeForm,0.0,1.0,1.0,1.0,1.0,1.0,1.0
HEAD,0,package api - class ApiComment,0.0,10.0,1.0,10.0,1.0,10.0,1.0
HEAD,0,package api - object ApiComment,0.0,0.0,0.0,0.0,0.0,0.0,0.0
HEAD,0,package api - class ApiPath,0.0,1.0,1.0,1.0,1.0,1.0,1.0
HEAD,0,package api - class SshPath,0.0,1.0,1.0,1.0,1.0,1.0,1.0
HEAD,8,package view - trait LinkConverter,0.0,131.0,1.0,131.0,1.0,131.0,1.0
HEAD,3,package servlet - class TransactionFilter,1.0,19.0,0.6333333333333333,16.0,0.5333333333333333,17.5,0.5833333333333334
HEAD,1,package servlet - object Database,0.0,33.0,1.0,33.0,1.0,33.0,1.0
HEAD,1,package api - trait ApiGitReferenceControllerBase,3.0,122.0,0.8472222222222222,10.0,0.06944444444444445,42.75,0.296875
HEAD,0,package util - object EditorConfigUtil,3.0,77.0,0.5923076923076923,11.0,0.08461538461538462,38.75,0.2980769230769231
HEAD,0,package util - object EditorConfigUtil - class JGitResource,1.0,49.0,0.98,14.0,0.28,31.5,0.63
HEAD,0,package util - object EditorConfigUtil - class JGitResourcePath,1.0,30.0,0.967741935483871,5.0,0.16129032258064516,17.5,0.5645161290322581
HEAD,0,package util - object EditorConfigUtil - object JGitResourcePath,0.0,0.0,0.0,0.0,0.0,0.0,0.0
HEAD,0,package util - object EditorConfigUtil - class EditorConfigInfo,0.0,5.0,1.0,5.0,1.0,5.0,1.0
HEAD,0,package plugin - object Results,0.0,4.0,1.0,4.0,1.0,4.0,1.0
HEAD,0,package plugin - object Results - class Redirect,0.0,1.0,1.0,1.0,1.0,1.0,1.0
HEAD,0,package plugin - object Results - class Fragment,0.0,1.0,1.0,1.0,1.0,1.0,1.0
HEAD,1,package util - object GpgUtil,0.0,52.0,1.0,52.0,1.0,52.0,1.0
HEAD,2,package controller - class RepositoryViewerController,0.0,0.0,0.0,0.0,0.0,0.0,0.0
HEAD,22,package controller - trait RepositoryViewerControllerBase,31.0,433.0,0.33644133644133645,1.0,7.77000777000777E-4,47.15625,0.03664044289044289
HEAD,0,package controller - trait RepositoryViewerControllerBase - class UploadForm,0.0,8.0,1.0,8.0,1.0,8.0,1.0
HEAD,1,package controller - trait RepositoryViewerControllerBase - class EditorForm,0.0,12.0,1.0,12.0,1.0,12.0,1.0
HEAD,1,package controller - trait RepositoryViewerControllerBase - class DeleteForm,0.0,8.0,1.0,8.0,1.0,8.0,1.0
HEAD,0,package controller - trait RepositoryViewerControllerBase - class CommentForm,0.0,8.0,1.0,8.0,1.0,8.0,1.0
HEAD,0,package controller - trait RepositoryViewerControllerBase - class TagForm,0.0,5.0,1.0,5.0,1.0,5.0,1.0
HEAD,0,package controller - trait RepositoryViewerControllerBase - class UploadFiles,0.0,3.0,1.0,3.0,1.0,3.0,1.0
HEAD,0,package controller - trait RepositoryViewerControllerBase - method conflict - <$anon: <error>>,0.0,19.0,1.0,19.0,1.0,19.0,1.0
HEAD,0,package api - class ApiCommitListItem,0.0,9.0,1.0,9.0,1.0,9.0,1.0
HEAD,0,package api - object ApiCommitListItem,0.0,25.0,1.0,25.0,1.0,25.0,1.0
HEAD,0,package api - object ApiCommitListItem - class Parent,0.0,3.0,1.0,3.0,1.0,3.0,1.0
HEAD,0,package api - object ApiCommitListItem - class Commit,0.0,6.0,1.0,6.0,1.0,6.0,1.0
HEAD,0,package api - trait ApiUserControllerBase,0.0,106.0,1.0,106.0,1.0,106.0,1.0
HEAD,0,package api - class CreateARelease,0.0,8.0,1.0,8.0,1.0,8.0,1.0
HEAD,0,package api - trait ApiRepositoryStatusControllerBase,0.0,71.0,1.0,71.0,1.0,71.0,1.0
HEAD,0,package api - class CreateAStatus,0.0,18.0,1.0,18.0,1.0,18.0,1.0
HEAD,2,package controller - class DashboardController,0.0,0.0,0.0,0.0,0.0,0.0,0.0
HEAD,1,package controller - trait DashboardControllerBase,0.0,149.0,1.0,149.0,1.0,149.0,1.0
HEAD,0,package util - object ConfigUtil,0.0,35.0,1.0,35.0,1.0,35.0,1.0
HEAD,0,package service - trait ProtectedBranchService,4.0,38.0,0.7916666666666666,1.0,0.020833333333333332,11.4,0.23750000000000002
HEAD,2,package service - object ProtectedBranchService,0.0,132.0,1.0,132.0,1.0,132.0,1.0
HEAD,0,package service - object ProtectedBranchService - class ProtectedBranchReceiveHook,0.0,48.0,1.0,48.0,1.0,48.0,1.0
HEAD,2,package service - object ProtectedBranchService - class ProtectedBranchInfo,0.0,76.0,1.0,76.0,1.0,76.0,1.0
HEAD,0,package service - object ProtectedBranchService - object ProtectedBranchInfo,0.0,0.0,0.0,0.0,0.0,0.0,0.0
HEAD,0,package <empty> - object Checksums,3.0,17.0,0.5483870967741935,3.0,0.0967741935483871,10.25,0.33064516129032256
HEAD,0,package api - class CreateAnIssue,0.0,7.0,1.0,7.0,1.0,7.0,1.0
HEAD,0,package api - trait ApiIssueControllerBase,0.0,117.0,1.0,117.0,1.0,117.0,1.0
HEAD,0,package model - trait RepositoryWebHookComponent,0.0,23.0,1.0,23.0,1.0,23.0,1.0
HEAD,0,package model - trait RepositoryWebHookComponent - class RepositoryWebHooks,0.0,0.0,0.0,0.0,0.0,0.0,0.0
HEAD,0,package model - class RepositoryWebHook,0.0,8.0,1.0,8.0,1.0,8.0,1.0
HEAD,0,package activity - class CreateWikiPageInfo,0.0,19.0,1.0,19.0,1.0,19.0,1.0
HEAD,0,package activity - class EditWikiPageInfo,0.0,20.0,1.0,20.0,1.0,20.0,1.0
HEAD,0,package activity - class DeleteWikiInfo,0.0,19.0,1.0,19.0,1.0,19.0,1.0
HEAD,0,package model - trait AccountComponent,0.0,38.0,1.0,38.0,1.0,38.0,1.0
HEAD,0,package model - trait AccountComponent - class Accounts,0.0,0.0,0.0,0.0,0.0,0.0,0.0
HEAD,0,package model - class Account,0.0,15.0,1.0,15.0,1.0,15.0,1.0
HEAD,0,package plugin - object Images,0.0,0.0,0.0,0.0,0.0,0.0,0.0
HEAD,2,package util - object StringUtil,6.0,139.0,0.7164948453608248,7.0,0.03608247422680412,35.857142857142854,0.1848306332842415
HEAD,1,package service - trait OpenIDConnectService,5.0,97.0,0.5243243243243243,22.0,0.11891891891891893,43.5,0.23513513513513515
HEAD,0,package service - object OpenIDConnectService,0.0,12.0,1.0,12.0,1.0,12.0,1.0
HEAD,0,package service - trait CommitsService,8.0,53.0,0.34415584415584416,3.0,0.01948051948051948,26.333333333333332,0.17099567099567098
HEAD,0,package api - class CreateAFile,0.0,8.0,1.0,8.0,1.0,8.0,1.0
HEAD,0,package api - class ApiPullRequestReviewComment,0.0,40.0,1.0,40.0,1.0,40.0,1.0
HEAD,0,package api - object ApiPullRequestReviewComment,0.0,0.0,0.0,0.0,0.0,0.0,0.0
HEAD,0,package util - class Mailer,6.0,38.0,0.5277777777777778,2.0,0.027777777777777776,15.428571428571429,0.2142857142857143
HEAD,0,package api - trait FieldSerializable,0.0,0.0,0.0,0.0,0.0,0.0,0.0
HEAD,0,package view - trait AvatarImageProvider,0.0,59.0,1.0,59.0,1.0,59.0,1.0
HEAD,0,package api - trait ApiRepositoryControllerBase,0.0,197.0,1.0,197.0,1.0,197.0,1.0
HEAD,0,package model - trait SshKeyComponent,0.0,16.0,1.0,16.0,1.0,16.0,1.0
HEAD,0,package model - trait SshKeyComponent - class SshKeys,0.0,0.0,0.0,0.0,0.0,0.0,0.0
HEAD,0,package model - class SshKey,0.0,6.0,1.0,6.0,1.0,6.0,1.0
HEAD,0,package plugin - trait Renderer,0.0,0.0,0.0,0.0,0.0,0.0,0.0
HEAD,0,package plugin - object MarkdownRenderer,0.0,0.0,0.0,0.0,0.0,0.0,0.0
HEAD,0,package plugin - object DefaultRenderer,0.0,0.0,0.0,0.0,0.0,0.0,0.0
HEAD,0,package plugin - class RenderRequest,0.0,10.0,1.0,10.0,1.0,10.0,1.0
HEAD,0,package util - object LDAPUtil,4.0,145.0,0.5430711610486891,15.0,0.056179775280898875,61.2,0.22921348314606743
HEAD,0,package util - object LDAPUtil - class LDAPUserInfo,0.0,1.0,1.0,1.0,1.0,1.0,1.0
HEAD,0,package api - class ApiRefCommit,0.0,5.0,1.0,5.0,1.0,5.0,1.0
HEAD,0,package api - class ApiRef,0.0,6.0,1.0,6.0,1.0,6.0,1.0
HEAD,0,package api - object ApiRef,0.0,0.0,0.0,0.0,0.0,0.0,0.0
HEAD,0,package util - object Directory,0.0,101.0,1.0,101.0,1.0,101.0,1.0
HEAD,0,package model - trait ReleaseTagComponent,0.0,21.0,1.0,21.0,1.0,21.0,1.0
HEAD,0,package model - trait ReleaseTagComponent - class ReleaseTags,0.0,0.0,0.0,0.0,0.0,0.0,0.0
HEAD,0,package model - class ReleaseTag,0.0,10.0,1.0,10.0,1.0,10.0,1.0
HEAD,6,package servlet - class GitAuthenticationFilter,5.0,83.0,0.5570469798657718,6.0,0.040268456375838924,33.166666666666664,0.22259507829977626
HEAD,0,package servlet - class GitAuthenticationFilter - method doFilter - <$anon: <error>>,0.0,3.0,1.0,3.0,1.0,3.0,1.0
HEAD,0,package model - trait TemplateComponent,0.0,84.0,1.0,84.0,1.0,84.0,1.0
HEAD,0,package model - trait TemplateComponent - trait BasicTemplate,0.0,0.0,0.0,0.0,0.0,0.0,0.0
HEAD,0,package model - trait TemplateComponent - trait IssueTemplate,0.0,0.0,0.0,0.0,0.0,0.0,0.0
HEAD,0,package model - trait TemplateComponent - trait LabelTemplate,0.0,0.0,0.0,0.0,0.0,0.0,0.0
HEAD,0,package model - trait TemplateComponent - trait PriorityTemplate,0.0,0.0,0.0,0.0,0.0,0.0,0.0
HEAD,0,package model - trait TemplateComponent - trait MilestoneTemplate,0.0,0.0,0.0,0.0,0.0,0.0,0.0
HEAD,0,package model - trait TemplateComponent - trait CommitTemplate,0.0,0.0,0.0,0.0,0.0,0.0,0.0
HEAD,0,package model - trait TemplateComponent - trait BranchTemplate,0.0,0.0,0.0,0.0,0.0,0.0,0.0
HEAD,0,package util - object LockUtil,2.0,22.0,0.7096774193548387,10.0,0.3225806451612903,15.0,0.4838709677419355
HEAD,0,package service - object PaginationHelper,0.0,11.0,1.0,11.0,1.0,11.0,1.0
HEAD,0,package api - class CreateAPullRequest,0.0,8.0,1.0,8.0,1.0,8.0,1.0
HEAD,0,package api - class CreateAPullRequestAlt,0.0,6.0,1.0,6.0,1.0,6.0,1.0
HEAD,0,package api - class UpdateAPullRequest,0.0,7.0,1.0,7.0,1.0,7.0,1.0
HEAD,0,package model - trait AccountWebHookEventComponent,0.0,26.0,1.0,26.0,1.0,26.0,1.0
HEAD,0,package model - trait AccountWebHookEventComponent - class AccountWebHookEvents,0.0,0.0,0.0,0.0,0.0,0.0,0.0
HEAD,0,package model - class AccountWebHookEvent,0.0,5.0,1.0,5.0,1.0,5.0,1.0
HEAD,0,package model - trait IssueComponent,0.0,52.0,1.0,52.0,1.0,52.0,1.0
HEAD,0,package model - trait IssueComponent - class IssueId,0.0,0.0,0.0,0.0,0.0,0.0,0.0
HEAD,0,package model - trait IssueComponent - class IssueOutline,0.0,0.0,0.0,0.0,0.0,0.0,0.0
HEAD,0,package model - trait IssueComponent - class Issues,0.0,0.0,0.0,0.0,0.0,0.0,0.0
HEAD,0,package model - class Issue,0.0,14.0,1.0,14.0,1.0,14.0,1.0
HEAD,0,package activity - class ReleaseInfo,0.0,20.0,1.0,20.0,1.0,20.0,1.0
HEAD,2,package servlet - class GitLfsTransferServlet,7.0,36.0,0.5625,1.0,0.015625,10.375,0.162109375
HEAD,0,package util - class RepositoryName,0.0,3.0,1.0,3.0,1.0,3.0,1.0
HEAD,0,package util - object RepositoryName,0.0,16.0,1.0,16.0,1.0,16.0,1.0
HEAD,0,package model - trait CollaboratorComponent,0.0,14.0,1.0,14.0,1.0,14.0,1.0
HEAD,0,package model - trait CollaboratorComponent - class Collaborators,0.0,0.0,0.0,0.0,0.0,0.0,0.0
HEAD,0,package model - class Collaborator,0.0,6.0,1.0,6.0,1.0,6.0,1.0
HEAD,0,package model - class Role,0.0,1.0,1.0,1.0,1.0,1.0,1.0
HEAD,0,package model - object Role,0.0,0.0,0.0,0.0,0.0,0.0,0.0
HEAD,0,package model - object Role - object ADMIN,0.0,0.0,0.0,0.0,0.0,0.0,0.0
HEAD,0,package model - object Role - object DEVELOPER,0.0,0.0,0.0,0.0,0.0,0.0,0.0
HEAD,0,package model - object Role - object GUEST,0.0,0.0,0.0,0.0,0.0,0.0,0.0
HEAD,0,package api - class ApiContents,0.0,10.0,1.0,10.0,1.0,10.0,1.0
HEAD,1,package api - object ApiContents,0.0,20.0,1.0,20.0,1.0,20.0,1.0
HEAD,0,package model - class WebHookContentType,0.0,1.0,1.0,1.0,1.0,1.0,1.0
HEAD,0,package model - object WebHookContentType,0.0,13.0,1.0,13.0,1.0,13.0,1.0
HEAD,0,package model - object WebHookContentType - object JSON,0.0,0.0,0.0,0.0,0.0,0.0,0.0
HEAD,0,package model - object WebHookContentType - object FORM,0.0,0.0,0.0,0.0,0.0,0.0,0.0
HEAD,0,package model - trait WebHook,0.0,0.0,0.0,0.0,0.0,0.0,0.0
HEAD,0,package model - object WebHook,0.0,51.0,1.0,51.0,1.0,51.0,1.0
HEAD,0,package model - object WebHook - class Event,0.0,1.0,1.0,1.0,1.0,1.0,1.0
HEAD,0,package model - object WebHook - object CommitComment,0.0,1.0,1.0,1.0,1.0,1.0,1.0
HEAD,0,package model - object WebHook - object Create,0.0,1.0,1.0,1.0,1.0,1.0,1.0
HEAD,0,package model - object WebHook - object Delete,0.0,1.0,1.0,1.0,1.0,1.0,1.0
HEAD,0,package model - object WebHook - object Deployment,0.0,1.0,1.0,1.0,1.0,1.0,1.0
HEAD,0,package model - object WebHook - object DeploymentStatus,0.0,1.0,1.0,1.0,1.0,1.0,1.0
HEAD,0,package model - object WebHook - object Fork,0.0,1.0,1.0,1.0,1.0,1.0,1.0
HEAD,0,package model - object WebHook - object Gollum,0.0,1.0,1.0,1.0,1.0,1.0,1.0
HEAD,0,package model - object WebHook - object IssueComment,0.0,1.0,1.0,1.0,1.0,1.0,1.0
HEAD,0,package model - object WebHook - object Issues,0.0,1.0,1.0,1.0,1.0,1.0,1.0
HEAD,0,package model - object WebHook - object Member,0.0,1.0,1.0,1.0,1.0,1.0,1.0
HEAD,0,package model - object WebHook - object PageBuild,0.0,1.0,1.0,1.0,1.0,1.0,1.0
HEAD,0,package model - object WebHook - object Public,0.0,1.0,1.0,1.0,1.0,1.0,1.0
HEAD,0,package model - object WebHook - object PullRequest,0.0,1.0,1.0,1.0,1.0,1.0,1.0
HEAD,0,package model - object WebHook - object PullRequestReviewComment,0.0,1.0,1.0,1.0,1.0,1.0,1.0
HEAD,0,package model - object WebHook - object Push,0.0,1.0,1.0,1.0,1.0,1.0,1.0
HEAD,0,package model - object WebHook - object Release,0.0,1.0,1.0,1.0,1.0,1.0,1.0
HEAD,0,package model - object WebHook - object Status,0.0,1.0,1.0,1.0,1.0,1.0,1.0
HEAD,0,package model - object WebHook - object TeamAdd,0.0,1.0,1.0,1.0,1.0,1.0,1.0
HEAD,0,package model - object WebHook - object Watch,0.0,1.0,1.0,1.0,1.0,1.0,1.0
HEAD,0,package model - object WebHook - object Event,0.0,27.0,1.0,27.0,1.0,27.0,1.0
HEAD,0,package api - object JsonFormat,0.0,73.0,1.0,73.0,1.0,73.0,1.0
HEAD,0,package api - object JsonFormat - class Context,0.0,1.0,1.0,1.0,1.0,1.0,1.0
HEAD,0,package api - class ApiPusher,0.0,1.0,1.0,1.0,1.0,1.0,1.0
HEAD,0,package api - object ApiPusher,0.0,0.0,0.0,0.0,0.0,0.0,0.0
HEAD,0,package model - trait RepositoryComponent,0.0,98.0,1.0,98.0,1.0,98.0,1.0
HEAD,0,package model - trait RepositoryComponent - class Repositories,0.0,91.0,1.0,91.0,1.0,91.0,1.0
HEAD,0,package model - class Repository,0.0,15.0,1.0,15.0,1.0,15.0,1.0
HEAD,0,package model - class RepositoryOptions,0.0,10.0,1.0,10.0,1.0,10.0,1.0
HEAD,0,package api - class AddACollaborator,0.0,7.0,1.0,7.0,1.0,7.0,1.0
HEAD,0,package util - object SyntaxSugars,2.0,21.0,0.75,9.0,0.32142857142857145,15.666666666666666,0.5595238095238095
HEAD,0,package util - object SyntaxSugars - object ~,0.0,0.0,0.0,0.0,0.0,0.0,0.0
HEAD,0,package util - object SyntaxSugars - class HeadValueAccessibleMap,0.0,5.0,1.0,5.0,1.0,5.0,1.0
HEAD,0,package service - trait PrioritiesService,6.0,57.0,0.59375,3.0,0.03125,15.857142857142858,0.16517857142857142
HEAD,0,package api - class CreateARef,0.0,1.0,1.0,1.0,1.0,1.0,1.0
HEAD,7,package view - object Markdown,2.0,111.0,0.5285714285714286,96.0,0.45714285714285713,104.33333333333333,0.4968253968253968
HEAD,7,package view - object Markdown - class GitBucketMarkedRenderer,1.0,86.0,0.6323529411764706,84.0,0.6176470588235294,85.0,0.625
HEAD,0,package servlet - class ApiAuthenticationFilter,1.0,41.0,0.8541666666666666,9.0,0.1875,25.0,0.5208333333333334
HEAD,0,package api - class ApiCommitStatus,0.0,12.0,1.0,12.0,1.0,12.0,1.0
HEAD,0,package api - object ApiCommitStatus,0.0,0.0,0.0,0.0,0.0,0.0,0.0
HEAD,0,package plugin - trait ReceiveHook,1.0,24.0,0.96,3.0,0.12,13.5,0.54
HEAD,0,package model - trait Profile,0.0,32.0,1.0,32.0,1.0,32.0,1.0
HEAD,0,package model - trait Profile - class RichColumn,0.0,0.0,0.0,0.0,0.0,0.0,0.0
HEAD,0,package model - trait ProfileProvider,0.0,5.0,1.0,5.0,1.0,5.0,1.0
HEAD,0,package model - trait CoreProfile,0.0,0.0,0.0,0.0,0.0,0.0,0.0
HEAD,0,package model - object Profile,0.0,0.0,0.0,0.0,0.0,0.0,0.0
HEAD,0,package activity - trait BaseActivityInfo,0.0,0.0,0.0,0.0,0.0,0.0,0.0
HEAD,0,package api - class ApiBranchProtection,0.0,7.0,1.0,7.0,1.0,7.0,1.0
HEAD,0,package api - object ApiBranchProtection,0.0,68.0,1.0,68.0,1.0,68.0,1.0
HEAD,0,package api - object ApiBranchProtection - class EnablingAndDisabling,0.0,1.0,1.0,1.0,1.0,1.0,1.0
HEAD,0,package api - object ApiBranchProtection - class Status,0.0,6.0,1.0,6.0,1.0,6.0,1.0
HEAD,0,package api - object ApiBranchProtection - class EnforcementLevel,0.0,1.0,1.0,1.0,1.0,1.0,1.0
HEAD,0,package api - object ApiBranchProtection - object Off,0.0,1.0,1.0,1.0,1.0,1.0,1.0
HEAD,0,package api - object ApiBranchProtection - object NonAdmins,0.0,1.0,1.0,1.0,1.0,1.0,1.0
HEAD,0,package api - object ApiBranchProtection - object Everyone,0.0,1.0,1.0,1.0,1.0,1.0,1.0
HEAD,0,package api - object ApiBranchProtection - object EnforcementLevel,0.0,0.0,0.0,0.0,0.0,0.0,0.0
HEAD,0,package api - class ApiWebhookConfig,0.0,5.0,1.0,5.0,1.0,5.0,1.0
HEAD,0,package api - class ApiWebhook,0.0,14.0,1.0,14.0,1.0,14.0,1.0
HEAD,0,package api - object ApiWebhook,0.0,16.0,1.0,16.0,1.0,16.0,1.0
HEAD,0,package api - trait ApiIssueCommentControllerBase,2.0,70.0,0.546875,18.0,0.140625,49.0,0.3828125
HEAD,0,package api - class CreateAMilestone,0.0,10.0,1.0,10.0,1.0,10.0,1.0
HEAD,0,package api - class ApiUser,0.0,15.0,1.0,15.0,1.0,15.0,1.0
HEAD,0,package api - object ApiUser,0.0,0.0,0.0,0.0,0.0,0.0,0.0
HEAD,0,package controller - class ReleaseController,0.0,0.0,0.0,0.0,0.0,0.0,0.0
HEAD,2,package controller - trait ReleaseControllerBase,8.0,83.0,0.40487804878048783,3.0,0.014634146341463415,25.555555555555557,0.12466124661246614
HEAD,0,package controller - trait ReleaseControllerBase - class ReleaseForm,0.0,4.0,1.0,4.0,1.0,4.0,1.0
HEAD,1,package api - class ApiRepository,0.0,19.0,1.0,19.0,1.0,19.0,1.0
HEAD,0,package api - object ApiRepository,0.0,0.0,0.0,0.0,0.0,0.0,0.0
HEAD,0,package model - trait ProtectedBranchComponent,0.0,23.0,1.0,23.0,1.0,23.0,1.0
HEAD,0,package model - trait ProtectedBranchComponent - class ProtectedBranches,0.0,0.0,0.0,0.0,0.0,0.0,0.0
HEAD,0,package model - trait ProtectedBranchComponent - class ProtectedBranchContexts,0.0,0.0,0.0,0.0,0.0,0.0,0.0
HEAD,0,package model - class ProtectedBranch,0.0,1.0,1.0,1.0,1.0,1.0,1.0
HEAD,0,package model - class ProtectedBranchContext,0.0,1.0,1.0,1.0,1.0,1.0,1.0
HEAD,0,package model - trait CommitStatusComponent,0.0,34.0,1.0,34.0,1.0,34.0,1.0
HEAD,0,package model - trait CommitStatusComponent - class CommitStatuses,0.0,0.0,0.0,0.0,0.0,0.0,0.0
HEAD,0,package model - class CommitStatus,0.0,13.0,1.0,13.0,1.0,13.0,1.0
HEAD,0,package model - object CommitStatus,0.0,0.0,0.0,0.0,0.0,0.0,0.0
HEAD,0,package model - class CommitState,0.0,1.0,1.0,1.0,1.0,1.0,1.0
HEAD,0,package model - object CommitState,0.0,35.0,1.0,35.0,1.0,35.0,1.0
HEAD,0,package model - object CommitState - object ERROR,0.0,0.0,0.0,0.0,0.0,0.0,0.0
HEAD,0,package model - object CommitState - object FAILURE,0.0,0.0,0.0,0.0,0.0,0.0,0.0
HEAD,0,package model - object CommitState - object PENDING,0.0,0.0,0.0,0.0,0.0,0.0,0.0
HEAD,0,package model - object CommitState - object SUCCESS,0.0,0.0,0.0,0.0,0.0,0.0,0.0
HEAD,0,package model - trait RepositoryWebHookEventComponent,0.0,24.0,1.0,24.0,1.0,24.0,1.0
HEAD,0,package model - trait RepositoryWebHookEventComponent - class RepositoryWebHookEvents,0.0,0.0,0.0,0.0,0.0,0.0,0.0
HEAD,0,package model - class RepositoryWebHookEvent,0.0,6.0,1.0,6.0,1.0,6.0,1.0
HEAD,0,package util - trait Validations,0.0,0.0,0.0,0.0,0.0,0.0,0.0
HEAD,0,package util - trait Validations - <$anon: <error>>,0.0,0.0,0.0,0.0,0.0,0.0,0.0
HEAD,0,package util - trait Validations - <$anon: <error>>,0.0,0.0,0.0,0.0,0.0,0.0,0.0
HEAD,0,package util - trait Validations - method date - <$anon: <error>>,0.0,0.0,0.0,0.0,0.0,0.0,0.0
HEAD,0,package ssh - object SshServer,0.0,0.0,0.0,0.0,0.0,0.0,0.0
HEAD,0,package ssh - class SshServerListener,0.0,21.0,1.0,21.0,1.0,21.0,1.0
HEAD,3,package controller - class FileUploadController,1.0,173.0,0.9719101123595506,6.0,0.033707865168539325,89.5,0.5028089887640449
HEAD,3,package controller - class ControllerBase,12.0,96.0,0.32653061224489793,1.0,0.003401360544217687,29.923076923076923,0.10177917320774464
HEAD,0,package controller - class ControllerBase - method trim2 - <$anon: <error>>,0.0,0.0,0.0,0.0,0.0,0.0,0.0
HEAD,0,package controller - class ControllerBase - object DevFeatures,0.0,0.0,0.0,0.0,0.0,0.0,0.0
HEAD,0,package controller - class Context,0.0,41.0,1.0,41.0,1.0,41.0,1.0
HEAD,1,package controller - trait AccountManagementControllerBase,5.0,84.0,0.7567567567567568,1.0,0.009009009009009009,21.333333333333332,0.1921921921921922
HEAD,0,package controller - trait AccountManagementControllerBase - method uniqueUserName - <$anon: <error>>,0.0,6.0,1.0,6.0,1.0,6.0,1.0
HEAD,0,package controller - trait AccountManagementControllerBase - method uniqueMailAddress - <$anon: <error>>,0.0,23.0,1.0,23.0,1.0,23.0,1.0
HEAD,0,package controller - trait AccountManagementControllerBase - method uniqueExtraMailAddress - <$anon: <error>>,0.0,23.0,1.0,23.0,1.0,23.0,1.0
HEAD,0,package controller - trait AccountManagementControllerBase - method reservedNames - <$anon: <error>>,0.0,0.0,0.0,0.0,0.0,0.0,0.0
HEAD,0,package controller - class ApiController,0.0,0.0,0.0,0.0,0.0,0.0,0.0
HEAD,6,package controller - trait ApiControllerBase,1.0,44.0,0.9777777777777777,11.0,0.24444444444444444,27.5,0.6111111111111112
HEAD,0,package api - class ApiLabel,1.0,3.0,1.0,2.0,0.6666666666666666,2.5,0.8333333333333334
HEAD,0,package api - object ApiLabel,0.0,0.0,0.0,0.0,0.0,0.0,0.0
HEAD,0,package model - trait ReleaseAssetComponent,0.0,25.0,1.0,25.0,1.0,25.0,1.0
HEAD,0,package model - trait ReleaseAssetComponent - class ReleaseAssets,0.0,0.0,0.0,0.0,0.0,0.0,0.0
HEAD,0,package model - class ReleaseAsset,0.0,12.0,1.0,12.0,1.0,12.0,1.0
HEAD,0,package <empty> - object PluginsJson,0.0,12.0,1.0,12.0,1.0,12.0,1.0
HEAD,0,package model - trait ActivityComponent,0.0,10.0,1.0,10.0,1.0,10.0,1.0
HEAD,0,package model - trait ActivityComponent - class Activities,0.0,0.0,0.0,0.0,0.0,0.0,0.0
HEAD,0,package model - class Activity,0.0,10.0,1.0,10.0,1.0,10.0,1.0
HEAD,0,package model - trait PullRequestComponent,0.0,33.0,1.0,33.0,1.0,33.0,1.0
HEAD,0,package model - trait PullRequestComponent - class PullRequests,0.0,0.0,0.0,0.0,0.0,0.0,0.0
HEAD,0,package model - class PullRequest,0.0,12.0,1.0,12.0,1.0,12.0,1.0
HEAD,0,package api - trait ApiRepositoryWebhookControllerBase,0.0,111.0,1.0,111.0,1.0,111.0,1.0
HEAD,1,package service - trait AccountFederationService,2.0,57.0,0.7125,15.0,0.1875,30.0,0.375
HEAD,0,package service - object AccountFederationService,0.0,0.0,0.0,0.0,0.0,0.0,0.0
HEAD,0,package service - trait LabelsService,0.0,39.0,1.0,39.0,1.0,39.0,1.0
HEAD,2,package api - class ApiPullRequest,0.0,31.0,1.0,31.0,1.0,31.0,1.0
HEAD,2,package api - object ApiPullRequest,0.0,37.0,1.0,37.0,1.0,37.0,1.0
HEAD,0,package api - object ApiPullRequest - class Commit,0.0,5.0,1.0,5.0,1.0,5.0,1.0
HEAD,0,package activity - class CreateIssueInfo,0.0,20.0,1.0,20.0,1.0,20.0,1.0
HEAD,0,package activity - class CloseIssueInfo,0.0,20.0,1.0,20.0,1.0,20.0,1.0
HEAD,0,package activity - class ReopenIssueInfo,0.0,20.0,1.0,20.0,1.0,20.0,1.0
HEAD,0,package activity - class OpenPullRequestInfo,0.0,20.0,1.0,20.0,1.0,20.0,1.0
HEAD,0,package activity - class ClosePullRequestInfo,0.0,20.0,1.0,20.0,1.0,20.0,1.0
HEAD,0,package activity - class ReopenPullRequestInfo,0.0,20.0,1.0,20.0,1.0,20.0,1.0
HEAD,0,package api - class AddLabelsToAnIssue,0.0,1.0,1.0,1.0,1.0,1.0,1.0
HEAD,0,package model - trait GpgKeyComponent,0.0,19.0,1.0,19.0,1.0,19.0,1.0
HEAD,0,package model - trait GpgKeyComponent - class GpgKeys,0.0,0.0,0.0,0.0,0.0,0.0,0.0
HEAD,0,package model - class GpgKey,0.0,7.0,1.0,7.0,1.0,7.0,1.0
HEAD,0,package api - class ApiCombinedCommitStatus,0.0,10.0,1.0,10.0,1.0,10.0,1.0
HEAD,0,package api - object ApiCombinedCommitStatus,0.0,14.0,1.0,14.0,1.0,14.0,1.0
HEAD,0,package api - trait ApiRepositoryBranchControllerBase,0.0,279.0,1.0,279.0,1.0,279.0,1.0
HEAD,0,package model - trait AccountExtraMailAddressComponent,0.0,12.0,1.0,12.0,1.0,12.0,1.0
HEAD,0,package model - trait AccountExtraMailAddressComponent - class AccountExtraMailAddresses,0.0,0.0,0.0,0.0,0.0,0.0,0.0
HEAD,0,package model - class AccountExtraMailAddress,0.0,4.0,1.0,4.0,1.0,4.0,1.0
HEAD,0,package plugin - class Plugin,51.0,326.0,0.7743467933491687,2.0,0.004750593824228029,10.096153846153847,0.023981363054997262
HEAD,2,package model - trait MilestoneComponent,0.0,20.0,1.0,20.0,1.0,20.0,1.0
HEAD,2,package model - trait MilestoneComponent - class Milestones,0.0,0.0,0.0,0.0,0.0,0.0,0.0
HEAD,0,package model - class Milestone,0.0,9.0,1.0,9.0,1.0,9.0,1.0
HEAD,0,package activity - class PushInfo,0.0,26.0,1.0,26.0,1.0,26.0,1.0
HEAD,0,package activity - class CreateBranchInfo,0.0,19.0,1.0,19.0,1.0,19.0,1.0
HEAD,0,package activity - class DeleteBranchInfo,0.0,19.0,1.0,19.0,1.0,19.0,1.0
HEAD,1,package servlet - class InitializeListener,8.0,65.0,0.43333333333333335,3.0,0.02,25.444444444444443,0.16962962962962963
HEAD,0,package service - trait MergeService,36.0,134.0,0.2567049808429119,1.0,0.0019157088122605363,21.7027027027027,0.04157605881743812
HEAD,1,package service - object MergeService,25.0,58.0,0.2078853046594982,1.0,0.0035842293906810036,16.23076923076923,0.058174800110283975
HEAD,0,package service - object MergeService - object Util,2.0,24.0,0.5853658536585366,5.0,0.12195121951219512,15.666666666666666,0.38211382113821135
HEAD,1,package service - object MergeService - class MergeCacheInfo,22.0,52.0,0.2311111111111111,1.0,0.0044444444444444444,14.91304347826087,0.06628019323671497
HEAD,2,package service - trait RepositoryCommitFileService,9.0,90.0,0.391304347826087,2.0,0.008695652173913044,27.6,0.12000000000000001
HEAD,0,package service - object RepositoryCommitFileService,0.0,3.0,1.0,3.0,1.0,3.0,1.0
HEAD,0,package service - object RepositoryCommitFileService - class CommitFile,0.0,1.0,1.0,1.0,1.0,1.0,1.0
HEAD,0,package controller - class LabelsController,0.0,0.0,0.0,0.0,0.0,0.0,0.0
HEAD,1,package controller - trait LabelsControllerBase,0.0,91.0,1.0,91.0,1.0,91.0,1.0
HEAD,0,package controller - trait LabelsControllerBase - class LabelForm,0.0,1.0,1.0,1.0,1.0,1.0,1.0
HEAD,0,package controller - trait LabelsControllerBase - method labelName - <$anon: <error>>,0.0,0.0,0.0,0.0,0.0,0.0,0.0
HEAD,1,package controller - trait LabelsControllerBase - method uniqueLabelName - <$anon: <error>>,0.0,19.0,1.0,19.0,1.0,19.0,1.0
HEAD,0,package service - trait SystemSettingsService,6.0,111.0,0.5414634146341464,2.0,0.00975609756097561,31.857142857142858,0.1554006968641115
HEAD,0,package service - object SystemSettingsService,0.0,275.0,1.0,275.0,1.0,275.0,1.0
HEAD,0,package service - object SystemSettingsService - class SystemSettings,0.0,47.0,1.0,47.0,1.0,47.0,1.0
HEAD,0,package service - object SystemSettingsService - class BasicBehavior,0.0,10.0,1.0,10.0,1.0,10.0,1.0
HEAD,0,package service - object SystemSettingsService - class RepositoryOperation,0.0,7.0,1.0,7.0,1.0,7.0,1.0
HEAD,0,package service - object SystemSettingsService - class Ssh,0.0,22.0,1.0,22.0,1.0,22.0,1.0
HEAD,0,package service - object SystemSettingsService - object Ssh,0.0,0.0,0.0,0.0,0.0,0.0,0.0
HEAD,0,package service - object SystemSettingsService - class Ldap,0.0,14.0,1.0,14.0,1.0,14.0,1.0
HEAD,0,package service - object SystemSettingsService - class OIDC,0.0,1.0,1.0,1.0,1.0,1.0,1.0
HEAD,0,package service - object SystemSettingsService - object OIDC,0.0,0.0,0.0,0.0,0.0,0.0,0.0
HEAD,0,package service - object SystemSettingsService - class Smtp,0.0,10.0,1.0,10.0,1.0,10.0,1.0
HEAD,0,package service - object SystemSettingsService - class Proxy,0.0,6.0,1.0,6.0,1.0,6.0,1.0
HEAD,0,package service - object SystemSettingsService - class SshAddress,0.0,19.0,1.0,19.0,1.0,19.0,1.0
HEAD,0,package service - object SystemSettingsService - class WebHook,0.0,1.0,1.0,1.0,1.0,1.0,1.0
HEAD,0,package service - object SystemSettingsService - class Upload,0.0,1.0,1.0,1.0,1.0,1.0,1.0
HEAD,0,package service - object SystemSettingsService - class RepositoryViewerSettings,0.0,1.0,1.0,1.0,1.0,1.0,1.0
HEAD,0,package controller - class SystemSettingsController,0.0,0.0,0.0,0.0,0.0,0.0,0.0
HEAD,0,package controller - class Table,0.0,1.0,1.0,1.0,1.0,1.0,1.0
HEAD,0,package controller - class Column,0.0,1.0,1.0,1.0,1.0,1.0,1.0
HEAD,4,package controller - trait SystemSettingsControllerBase,18.0,226.0,0.4072072072072072,2.0,0.0036036036036036037,34.21052631578947,0.061640587956377425
HEAD,0,package controller - trait SystemSettingsControllerBase - class SendMailForm,0.0,1.0,1.0,1.0,1.0,1.0,1.0
HEAD,0,package controller - trait SystemSettingsControllerBase - class DataExportForm,0.0,1.0,1.0,1.0,1.0,1.0,1.0
HEAD,0,package controller - trait SystemSettingsControllerBase - class NewUserForm,0.0,11.0,1.0,11.0,1.0,11.0,1.0
HEAD,0,package controller - trait SystemSettingsControllerBase - class EditUserForm,0.0,13.0,1.0,13.0,1.0,13.0,1.0
HEAD,0,package controller - trait SystemSettingsControllerBase - class NewGroupForm,0.0,7.0,1.0,7.0,1.0,7.0,1.0
HEAD,0,package controller - trait SystemSettingsControllerBase - class EditGroupForm,0.0,9.0,1.0,9.0,1.0,9.0,1.0
HEAD,0,package controller - trait SystemSettingsControllerBase - method multiLineText - <$anon: <error>>,0.0,9.0,1.0,9.0,1.0,9.0,1.0
HEAD,0,package controller - trait SystemSettingsControllerBase - method members - <$anon: <error>>,0.0,10.0,1.0,10.0,1.0,10.0,1.0
HEAD,0,package controller - trait SystemSettingsControllerBase - method disableByNotYourself - <$anon: <error>>,0.0,9.0,1.0,9.0,1.0,9.0,1.0
HEAD,3,package view - object helpers,12.0,368.0,0.731610337972167,3.0,0.005964214711729622,46.76923076923077,0.09298057807004129
HEAD,1,package view - object helpers - class RegexReplaceString,0.0,5.0,1.0,5.0,1.0,5.0,1.0
HEAD,0,package view - object helpers - class RichHtmlSeq,0.0,0.0,0.0,0.0,0.0,0.0,0.0
HEAD,0,package view - object helpers - class CommentDiffLine,0.0,1.0,1.0,1.0,1.0,1.0,1.0
HEAD,14,package service - trait IssuesService,30.0,500.0,0.5387931034482759,1.0,0.0010775862068965517,33.774193548387096,0.03639460511679644
HEAD,2,package service - object IssuesService,0.0,243.0,1.0,243.0,1.0,243.0,1.0
HEAD,0,package service - object IssuesService - class CustomFieldCondition,0.0,1.0,1.0,1.0,1.0,1.0,1.0
HEAD,1,package service - object IssuesService - class IssueSearchCondition,0.0,93.0,1.0,93.0,1.0,93.0,1.0
HEAD,1,package service - object IssuesService - object IssueSearchCondition,0.0,131.0,1.0,131.0,1.0,131.0,1.0
HEAD,1,package service - object IssuesService - class IssueInfo,0.0,9.0,1.0,9.0,1.0,9.0,1.0
HEAD,0,package service - trait IssueSearchOption,0.0,1.0,1.0,1.0,1.0,1.0,1.0
HEAD,0,package service - object IssueSearchOption,0.0,5.0,1.0,5.0,1.0,5.0,1.0
HEAD,0,package service - object IssueSearchOption - object Issues,0.0,1.0,1.0,1.0,1.0,1.0,1.0
HEAD,0,package service - object IssueSearchOption - object PullRequests,0.0,1.0,1.0,1.0,1.0,1.0,1.0
HEAD,0,package service - object IssueSearchOption - object Both,0.0,1.0,1.0,1.0,1.0,1.0,1.0
HEAD,0,package api - class CreateAGroup,0.0,6.0,1.0,6.0,1.0,6.0,1.0
HEAD,0,package api - class ApiGroup,0.0,6.0,1.0,6.0,1.0,6.0,1.0
HEAD,0,package api - object ApiGroup,0.0,0.0,0.0,0.0,0.0,0.0,0.0
HEAD,0,package service - trait CustomFieldsService,0.0,91.0,1.0,91.0,1.0,91.0,1.0
HEAD,0,package controller - class RepositorySettingsController,0.0,0.0,0.0,0.0,0.0,0.0,0.0
HEAD,10,package controller - trait RepositorySettingsControllerBase,4.0,325.0,0.521669341894061,1.0,0.0016051364365971107,129.2,0.2073836276083467
HEAD,0,package controller - trait RepositorySettingsControllerBase - class OptionsForm,0.0,12.0,1.0,12.0,1.0,12.0,1.0
HEAD,0,package controller - trait RepositorySettingsControllerBase - class DefaultBranchForm,0.0,1.0,1.0,1.0,1.0,1.0,1.0
HEAD,0,package controller - trait RepositorySettingsControllerBase - class DeployKeyForm,0.0,1.0,1.0,1.0,1.0,1.0,1.0
HEAD,0,package controller - trait RepositorySettingsControllerBase - class WebHookForm,0.0,1.0,1.0,1.0,1.0,1.0,1.0
HEAD,0,package controller - trait RepositorySettingsControllerBase - class RenameRepositoryForm,0.0,1.0,1.0,1.0,1.0,1.0,1.0
HEAD,0,package controller - trait RepositorySettingsControllerBase - class TransferOwnerShipForm,0.0,1.0,1.0,1.0,1.0,1.0,1.0
HEAD,0,package controller - trait RepositorySettingsControllerBase - class CustomFieldForm,0.0,7.0,1.0,7.0,1.0,7.0,1.0
HEAD,0,package controller - trait RepositorySettingsControllerBase - method webHook - <$anon: <error>>,0.0,0.0,0.0,0.0,0.0,0.0,0.0
HEAD,0,package controller - trait RepositorySettingsControllerBase - method webhookEvents - <$anon: <error>>,0.0,13.0,1.0,13.0,1.0,13.0,1.0
HEAD,0,package controller - trait RepositorySettingsControllerBase - method renameRepositoryName - <$anon: <error>>,0.0,16.0,1.0,16.0,1.0,16.0,1.0
HEAD,0,package controller - trait RepositorySettingsControllerBase - method featureOption - <$anon: <error>>,0.0,0.0,0.0,0.0,0.0,0.0,0.0
HEAD,0,package controller - trait RepositorySettingsControllerBase - method transferUser - <$anon: <error>>,0.0,16.0,1.0,16.0,1.0,16.0,1.0
HEAD,0,package controller - trait RepositorySettingsControllerBase - method mergeOptions - <$anon: <error>>,0.0,19.0,1.0,19.0,1.0,19.0,1.0
HEAD,0,package controller - class PreProcessController,0.0,0.0,0.0,0.0,0.0,0.0,0.0
HEAD,2,package controller - trait PreProcessControllerBase,0.0,40.0,1.0,40.0,1.0,40.0,1.0
HEAD,0,package servlet - class ControllerFilter,0.0,26.0,1.0,26.0,1.0,26.0,1.0
HEAD,1,package servlet - class CompositeScalatraFilter,5.0,12.0,0.3157894736842105,5.0,0.13157894736842105,8.833333333333334,0.23245614035087722
HEAD,0,package servlet - class MockFilterChain,0.0,7.0,1.0,7.0,1.0,7.0,1.0
HEAD,1,package api - class CreateARepository,0.0,13.0,1.0,13.0,1.0,13.0,1.0
HEAD,0,package util - object TextAvatarUtil,1.0,105.0,0.8823529411764706,52.0,0.4369747899159664,78.5,0.6596638655462185
HEAD,0,package model - trait LabelComponent,0.0,16.0,1.0,16.0,1.0,16.0,1.0
HEAD,0,package model - trait LabelComponent - class Labels,0.0,0.0,0.0,0.0,0.0,0.0,0.0
HEAD,0,package model - class Label,0.0,14.0,1.0,14.0,1.0,14.0,1.0
HEAD,0,package api - class ApiCommits,0.0,12.0,1.0,12.0,1.0,12.0,1.0
HEAD,0,package api - object ApiCommits,2.0,58.0,0.5132743362831859,16.0,0.1415929203539823,39.0,0.34513274336283184
HEAD,0,package api - object ApiCommits - class Commit,0.0,8.0,1.0,8.0,1.0,8.0,1.0
HEAD,0,package api - object ApiCommits - class Tree,0.0,4.0,1.0,4.0,1.0,4.0,1.0
HEAD,0,package api - object ApiCommits - class Stats,0.0,5.0,1.0,5.0,1.0,5.0,1.0
HEAD,0,package api - object ApiCommits - class File,0.0,10.0,1.0,10.0,1.0,10.0,1.0
HEAD,0,package activity - class CreateTagInfo,0.0,19.0,1.0,19.0,1.0,19.0,1.0
HEAD,0,package activity - class DeleteTagInfo,0.0,19.0,1.0,19.0,1.0,19.0,1.0
HEAD,0,package model - trait AccountPreferenceComponent,0.0,14.0,1.0,14.0,1.0,14.0,1.0
HEAD,0,package model - trait AccountPreferenceComponent - class AccountPreferences,0.0,0.0,0.0,0.0,0.0,0.0,0.0
HEAD,0,package model - class AccountPreference,0.0,4.0,1.0,4.0,1.0,4.0,1.0
HEAD,0,package plugin - trait RepositoryHook,9.0,4.0,0.4444444444444444,2.0,0.2222222222222222,2.2,0.24444444444444446
HEAD,1,package plugin - trait IssueHook,15.0,11.0,0.34375,2.0,0.0625,3.6875,0.115234375
HEAD,0,package plugin - trait PullRequestHook,1.0,4.0,0.8,2.0,0.4,3.0,0.6
HEAD,0,package view - class Pagination,0.0,39.0,1.0,39.0,1.0,39.0,1.0
HEAD,0,package api - class CreateARepositoryWebhookConfig,0.0,6.0,1.0,6.0,1.0,6.0,1.0
HEAD,0,package api - class CreateARepositoryWebhook,0.0,10.0,1.0,10.0,1.0,10.0,1.0
HEAD,0,package api - class UpdateARepositoryWebhook,0.0,12.0,1.0,12.0,1.0,12.0,1.0
HEAD,0,package activity - class ForkInfo,0.0,19.0,1.0,19.0,1.0,19.0,1.0
HEAD,0,package model - trait CustomFieldComponent,0.0,20.0,1.0,20.0,1.0,20.0,1.0
HEAD,0,package model - trait CustomFieldComponent - class CustomFields,0.0,0.0,0.0,0.0,0.0,0.0,0.0
HEAD,0,package model - class CustomField,0.0,10.0,1.0,10.0,1.0,10.0,1.0
HEAD,0,package model - trait CustomFieldBehavior,0.0,17.0,1.0,17.0,1.0,17.0,1.0
HEAD,0,package model - object CustomFieldBehavior,3.0,133.0,0.41823899371069184,13.0,0.040880503144654086,87.75,0.2759433962264151
HEAD,0,package model - object CustomFieldBehavior - object LongFieldBehavior,0.0,15.0,1.0,15.0,1.0,15.0,1.0
HEAD,0,package model - object CustomFieldBehavior - object DoubleFieldBehavior,0.0,15.0,1.0,15.0,1.0,15.0,1.0
HEAD,0,package model - object CustomFieldBehavior - object StringFieldBehavior,0.0,1.0,1.0,1.0,1.0,1.0,1.0
HEAD,0,package model - object CustomFieldBehavior - object DateFieldBehavior,0.0,19.0,1.0,19.0,1.0,19.0,1.0
HEAD,0,package model - object CustomFieldBehavior - object EnumFieldBehavior,2.0,73.0,0.5748031496062992,13.0,0.10236220472440945,46.666666666666664,0.3674540682414698
HEAD,0,package model - object CustomFieldBehavior - trait TextFieldBehavior,1.0,78.0,0.6666666666666666,59.0,0.5042735042735043,68.5,0.5854700854700855
HEAD,4,package service - trait PullRequestService,24.0,183.0,0.2995090016366612,1.0,0.0016366612111292963,27.44,0.04490998363338789
HEAD,0,package service - object PullRequestService,0.0,41.0,1.0,41.0,1.0,41.0,1.0
HEAD,0,package service - object PullRequestService - class PullRequestCount,0.0,1.0,1.0,1.0,1.0,1.0,1.0
HEAD,0,package service - object PullRequestService - class MergeStatus,0.0,34.0,1.0,34.0,1.0,34.0,1.0
HEAD,1,package api - trait ApiRepositoryContentsControllerBase,4.0,110.0,0.5583756345177665,8.0,0.04060913705583756,43.6,0.22131979695431472
HEAD,2,package util - object Keys,0.0,0.0,0.0,0.0,0.0,0.0,0.0
HEAD,1,package util - object Keys - object Session,0.0,0.0,0.0,0.0,0.0,0.0,0.0
HEAD,0,package util - object Keys - object Flash,0.0,0.0,0.0,0.0,0.0,0.0,0.0
HEAD,1,package util - object Keys - object Request,0.0,0.0,0.0,0.0,0.0,0.0,0.0
HEAD,1,package <empty> - class ScalatraBootstrap,2.0,59.0,0.921875,6.0,0.09375,31.666666666666668,0.4947916666666667
HEAD,0,package api - trait ApiIssueLabelControllerBase,0.0,182.0,1.0,182.0,1.0,182.0,1.0
HEAD,3,package util - object JDBCUtil,18.0,47.0,0.2079646017699115,1.0,0.004424778761061947,16.263157894736842,0.07196087564042851
HEAD,3,package util - object JDBCUtil - class RichConnection,18.0,46.0,0.20909090909090908,1.0,0.004545454545454545,15.947368421052632,0.07248803827751196
HEAD,0,package util - object JDBCUtil - class TableDependency,0.0,1.0,1.0,1.0,1.0,1.0,1.0
HEAD,0,package service - object RepositoryCreationService,3.0,11.0,0.4583333333333333,6.0,0.25,9.0,0.375
HEAD,1,package service - trait RepositoryCreationService,14.0,74.0,0.2803030303030303,4.0,0.015151515151515152,29.333333333333332,0.1111111111111111
HEAD,0,package plugin - trait SuggestionProvider,0.0,88.0,1.0,88.0,1.0,88.0,1.0
HEAD,0,package plugin - class UserNameSuggestionProvider,0.0,7.0,1.0,7.0,1.0,7.0,1.0
HEAD,0,package plugin - class IssueSuggestionProvider,0.0,7.0,1.0,7.0,1.0,7.0,1.0
HEAD,2,package service - trait HandleCommentService,16.0,81.0,0.4764705882352941,3.0,0.01764705882352941,13.647058823529411,0.08027681660899653
HEAD,0,package service - trait RequestCache,0.0,49.0,1.0,49.0,1.0,49.0,1.0
HEAD,0,package api - class ApiRepositoryCollaborator,0.0,4.0,1.0,4.0,1.0,4.0,1.0
HEAD,12,package service - trait RepositoryService,14.0,472.0,0.6310160427807486,3.0,0.004010695187165776,53.6,0.07165775401069518
HEAD,1,package service - object RepositoryService,0.0,75.0,1.0,75.0,1.0,75.0,1.0
HEAD,1,package service - object RepositoryService - class RepositoryInfo,0.0,59.0,1.0,59.0,1.0,59.0,1.0
HEAD,0,package api - trait ApiIssueMilestoneControllerBase,0.0,98.0,1.0,98.0,1.0,98.0,1.0
HEAD,0,package model - trait IssueCustomFieldComponent,0.0,20.0,1.0,20.0,1.0,20.0,1.0
HEAD,0,package model - trait IssueCustomFieldComponent - class IssueCustomFields,0.0,0.0,0.0,0.0,0.0,0.0,0.0
HEAD,0,package model - class IssueCustomField,0.0,7.0,1.0,7.0,1.0,7.0,1.0
HEAD,2,package servlet - class PluginControllerFilter,6.0,15.0,0.39473684210526316,1.0,0.02631578947368421,7.285714285714286,0.19172932330827067
HEAD,0,package api - class ApiReleaseAsset,0.0,7.0,1.0,7.0,1.0,7.0,1.0
HEAD,0,package api - object ApiReleaseAsset,0.0,0.0,0.0,0.0,0.0,0.0,0.0
HEAD,0,package api - class ApiRelease,0.0,7.0,1.0,7.0,1.0,7.0,1.0
HEAD,0,package api - object ApiRelease,0.0,17.0,1.0,17.0,1.0,17.0,1.0
HEAD,0,package model - trait AccountWebHookComponent,0.0,17.0,1.0,17.0,1.0,17.0,1.0
HEAD,0,package model - trait AccountWebHookComponent - class AccountWebHooks,0.0,0.0,0.0,0.0,0.0,0.0,0.0
HEAD,0,package model - class AccountWebHook,0.0,6.0,1.0,6.0,1.0,6.0,1.0
HEAD,0,package api - class ApiEndPoint,0.0,1.0,1.0,1.0,1.0,1.0,1.0
HEAD,0,package servlet - class PluginAssetsServlet,4.0,19.0,0.5135135135135135,2.0,0.05405405405405406,11.0,0.2972972972972973
HEAD,0,package api - class CreateAComment,0.0,1.0,1.0,1.0,1.0,1.0,1.0
HEAD,0,package api - class ApiIssue,0.0,30.0,1.0,30.0,1.0,30.0,1.0
HEAD,0,package api - object ApiIssue,0.0,0.0,0.0,0.0,0.0,0.0,0.0
HEAD,0,package api - trait ApiReleaseControllerBase,0.0,169.0,1.0,169.0,1.0,169.0,1.0
HEAD,0,package ssh - class NoShell,0.0,53.0,1.0,53.0,1.0,53.0,1.0
HEAD,0,package ssh - class NoShell - method createShell - <$anon: <error>>,0.0,51.0,1.0,51.0,1.0,51.0,1.0
HEAD,0,package model - trait Comment,0.0,4.0,1.0,4.0,1.0,4.0,1.0
HEAD,0,package model - trait IssueCommentComponent,0.0,20.0,1.0,20.0,1.0,20.0,1.0
HEAD,0,package model - trait IssueCommentComponent - class IssueComments,0.0,0.0,0.0,0.0,0.0,0.0,0.0
HEAD,0,package model - class IssueComment,0.0,11.0,1.0,11.0,1.0,11.0,1.0
HEAD,0,package model - trait CommitCommentComponent,0.0,41.0,1.0,41.0,1.0,41.0,1.0
HEAD,0,package model - trait CommitCommentComponent - class CommitComments,0.0,0.0,0.0,0.0,0.0,0.0,0.0
HEAD,0,package model - class CommitComment,0.0,17.0,1.0,17.0,1.0,17.0,1.0
HEAD,0,package model - class CommitComments,0.0,7.0,1.0,7.0,1.0,7.0,1.0
HEAD,0,package plugin - class PluginRegistry,35.0,58.0,0.3717948717948718,1.0,0.00641025641025641,6.25,0.04006410256410257
HEAD,0,package plugin - object PluginRegistry,7.0,88.0,0.44221105527638194,2.0,0.010050251256281407,30.625,0.15389447236180903
HEAD,0,package plugin - object PluginRegistry - method listPluginJars - <$anon: java.io.FilenameFilter>,0.0,0.0,0.0,0.0,0.0,0.0,0.0
HEAD,0,package plugin - class Link,0.0,6.0,1.0,6.0,1.0,6.0,1.0
HEAD,0,package plugin - class PluginInfoBase,0.0,0.0,0.0,0.0,0.0,0.0,0.0
HEAD,0,package plugin - class PluginInfo,0.0,10.0,1.0,10.0,1.0,10.0,1.0
HEAD,0,package plugin - class PluginWatchThread,4.0,28.0,0.5283018867924528,6.0,0.11320754716981132,14.4,0.27169811320754716
HEAD,0,package plugin - class PluginWatchThread - method run - <$anon: Thread>,0.0,9.0,1.0,9.0,1.0,9.0,1.0
HEAD,0,package service - trait AccessTokenService,7.0,21.0,0.45652173913043476,1.0,0.021739130434782608,7.5,0.16304347826086957
HEAD,0,package service - object AccessTokenService,0.0,0.0,0.0,0.0,0.0,0.0,0.0
HEAD,1,package ssh - object SshUtil,0.0,27.0,1.0,27.0,1.0,27.0,1.0
HEAD,0,package servlet - class SessionCleanupListener,0.0,8.0,1.0,8.0,1.0,8.0,1.0
HEAD,1,package model - trait DeployKeyComponent,0.0,17.0,1.0,17.0,1.0,17.0,1.0
HEAD,1,package model - trait DeployKeyComponent - class DeployKeys,0.0,0.0,0.0,0.0,0.0,0.0,0.0
HEAD,0,package model - class DeployKey,0.0,8.0,1.0,8.0,1.0,8.0,1.0
HEAD,0,package util - object Implicits,5.0,32.0,0.42105263157894735,7.0,0.09210526315789473,20.0,0.2631578947368421
HEAD,0,package util - object Implicits - class RichSeq,0.0,15.0,1.0,15.0,1.0,15.0,1.0
HEAD,0,package util - object Implicits - class RichString,3.0,14.0,0.6363636363636364,5.0,0.22727272727272727,8.25,0.375
HEAD,0,package util - object Implicits - class RichRequest,0.0,17.0,1.0,17.0,1.0,17.0,1.0
HEAD,0,package util - object Implicits - class RichSession,0.0,9.0,1.0,9.0,1.0,9.0,1.0
HEAD,1,package api - trait ApiRepositoryCommitControllerBase,0.0,148.0,1.0,148.0,1.0,148.0,1.0
HEAD,0,package plugin - class GitRepositoryRouting,0.0,15.0,1.0,15.0,1.0,15.0,1.0
HEAD,0,package plugin - trait GitRepositoryFilter,0.0,17.0,1.0,17.0,1.0,17.0,1.0
HEAD,0,package service - trait DeployKeyService,0.0,28.0,1.0,28.0,1.0,28.0,1.0
HEAD,0,package service - trait IssueCreationService,4.0,34.0,0.38636363636363635,19.0,0.2159090909090909,27.4,0.31136363636363634
HEAD,4,package service - trait WebHookService,32.0,82.0,0.25153374233128833,1.0,0.003067484662576687,13.0,0.03987730061349693
HEAD,0,package service - trait WebHookService - method callWebHook - <$anon: <error>>,0.0,5.0,1.0,5.0,1.0,5.0,1.0
HEAD,0,package service - trait WebHookPullRequestService,0.0,145.0,1.0,145.0,1.0,145.0,1.0
HEAD,0,package service - trait WebHookPullRequestReviewCommentService,0.0,47.0,1.0,47.0,1.0,47.0,1.0
HEAD,0,package service - trait WebHookIssueCommentService,0.0,44.0,1.0,44.0,1.0,44.0,1.0
HEAD,0,package service - object WebHookService,0.0,289.0,1.0,289.0,1.0,289.0,1.0
HEAD,0,package service - object WebHookService - trait WebHookPayload,0.0,0.0,0.0,0.0,0.0,0.0,0.0
HEAD,0,package service - object WebHookService - class WebHookCreatePayload,0.0,11.0,1.0,11.0,1.0,11.0,1.0
HEAD,0,package service - object WebHookService - object WebHookCreatePayload,0.0,0.0,0.0,0.0,0.0,0.0,0.0
HEAD,0,package service - object WebHookService - class WebHookPushPayload,0.0,18.0,1.0,18.0,1.0,18.0,1.0
HEAD,0,package service - object WebHookService - object WebHookPushPayload,0.0,34.0,1.0,34.0,1.0,34.0,1.0
HEAD,0,package service - object WebHookService - class WebHookIssuesPayload,0.0,7.0,1.0,7.0,1.0,7.0,1.0
HEAD,0,package service - object WebHookService - class WebHookPullRequestPayload,0.0,7.0,1.0,7.0,1.0,7.0,1.0
HEAD,0,package service - object WebHookService - object WebHookPullRequestPayload,0.0,39.0,1.0,39.0,1.0,39.0,1.0
HEAD,0,package service - object WebHookService - class WebHookIssueCommentPayload,0.0,7.0,1.0,7.0,1.0,7.0,1.0
HEAD,0,package service - object WebHookService - object WebHookIssueCommentPayload,0.0,29.0,1.0,29.0,1.0,29.0,1.0
HEAD,0,package service - object WebHookService - class WebHookPullRequestReviewCommentPayload,0.0,7.0,1.0,7.0,1.0,7.0,1.0
HEAD,0,package service - object WebHookService - object WebHookPullRequestReviewCommentPayload,0.0,43.0,1.0,43.0,1.0,43.0,1.0
HEAD,0,package service - object WebHookService - class WebHookGollumPayload,0.0,5.0,1.0,5.0,1.0,5.0,1.0
HEAD,0,package service - object WebHookService - class WebHookGollumPagePayload,0.0,8.0,1.0,8.0,1.0,8.0,1.0
HEAD,0,package service - object WebHookService - object WebHookGollumPayload,0.0,31.0,1.0,31.0,1.0,31.0,1.0
HEAD,0,package model - trait IssueLabelComponent,0.0,11.0,1.0,11.0,1.0,11.0,1.0
HEAD,0,package model - trait IssueLabelComponent - class IssueLabels,0.0,0.0,0.0,0.0,0.0,0.0,0.0
HEAD,0,package model - class IssueLabel,0.0,6.0,1.0,6.0,1.0,6.0,1.0
HEAD,1,package core - object GitBucketCoreModule,0.0,0.0,0.0,0.0,0.0,0.0,0.0
HEAD,0,package api - class ApiBranch,0.0,9.0,1.0,9.0,1.0,9.0,1.0
HEAD,0,package api - class ApiBranchCommit,0.0,1.0,1.0,1.0,1.0,1.0,1.0
HEAD,0,package api - class ApiBranchForList,0.0,4.0,1.0,4.0,1.0,4.0,1.0
HEAD,0,package api - class ApiBranchForHeadCommit,0.0,5.0,1.0,5.0,1.0,5.0,1.0
HEAD,0,package model - trait IssueAssigneeComponent,0.0,16.0,1.0,16.0,1.0,16.0,1.0
HEAD,0,package model - trait IssueAssigneeComponent - class IssueAssignees,0.0,0.0,0.0,0.0,0.0,0.0,0.0
HEAD,0,package model - class IssueAssignee,0.0,6.0,1.0,6.0,1.0,6.0,1.0
HEAD,2,package util - object FileUtil,7.0,47.0,0.46534653465346537,2.0,0.019801980198019802,17.5,0.17326732673267325
HEAD,0,package api - class ApiPlugin,0.0,7.0,1.0,7.0,1.0,7.0,1.0
HEAD,0,package api - object ApiPlugin,0.0,0.0,0.0,0.0,0.0,0.0,0.0
HEAD,0,package controller - class PrioritiesController,0.0,0.0,0.0,0.0,0.0,0.0,0.0
HEAD,1,package controller - trait PrioritiesControllerBase,0.0,121.0,1.0,121.0,1.0,121.0,1.0
HEAD,0,package controller - trait PrioritiesControllerBase - class PriorityForm,0.0,1.0,1.0,1.0,1.0,1.0,1.0
HEAD,0,package controller - trait PrioritiesControllerBase - method priorityName - <$anon: <error>>,0.0,0.0,0.0,0.0,0.0,0.0,0.0
HEAD,0,package controller - trait PrioritiesControllerBase - method uniquePriorityName - <$anon: <error>>,0.0,21.0,1.0,21.0,1.0,21.0,1.0
HEAD,0,package plugin - trait AccountHook,1.0,4.0,0.8,2.0,0.4,3.0,0.6
HEAD,1,package service - trait ActivityService,5.0,49.0,0.6533333333333333,4.0,0.05333333333333334,17.833333333333332,0.23777777777777775
HEAD,0,package service - object ActivityService,0.0,0.0,0.0,0.0,0.0,0.0,0.0
HEAD,0,package api - class ApiError,0.0,1.0,1.0,1.0,1.0,1.0,1.0
HEAD,0,package api - trait ApiRepositoryCollaboratorControllerBase,0.0,68.0,1.0,68.0,1.0,68.0,1.0
HEAD,0,package service - trait ReleaseService,0.0,98.0,1.0,98.0,1.0,98.0,1.0
HEAD,0,package service - object ReleaseService,0.0,0.0,0.0,0.0,0.0,0.0,0.0
HEAD,2,package util - object DatabaseConfig,4.0,32.0,0.5161290322580645,6.0,0.0967741935483871,20.6,0.33225806451612905
HEAD,0,package util - trait DatabaseType,0.0,5.0,1.0,5.0,1.0,5.0,1.0
HEAD,0,package util - object DatabaseType,0.0,48.0,1.0,48.0,1.0,48.0,1.0
HEAD,0,package util - object DatabaseType - object H2,0.0,0.0,0.0,0.0,0.0,0.0,0.0
HEAD,0,package util - object DatabaseType - object MySQL,0.0,0.0,0.0,0.0,0.0,0.0,0.0
HEAD,0,package util - object DatabaseType - object MariaDb,0.0,0.0,0.0,0.0,0.0,0.0,0.0
HEAD,0,package util - object DatabaseType - object PostgreSQL,0.0,0.0,0.0,0.0,0.0,0.0,0.0
HEAD,0,package util - object DatabaseType - object BlockingPostgresDriver,0.0,7.0,1.0,7.0,1.0,7.0,1.0
HEAD,0,package activity - class MergeInfo,0.0,20.0,1.0,20.0,1.0,20.0,1.0
HEAD,0,package model - trait PriorityComponent,0.0,20.0,1.0,20.0,1.0,20.0,1.0
HEAD,0,package model - trait PriorityComponent - class Priorities,0.0,0.0,0.0,0.0,0.0,0.0,0.0
HEAD,0,package model - class Priority,0.0,23.0,1.0,23.0,1.0,23.0,1.0
HEAD,0,package api - class CreateALabel,0.0,12.0,1.0,12.0,1.0,12.0,1.0
HEAD,0,package service - trait SshKeyService,0.0,15.0,1.0,15.0,1.0,15.0,1.0
HEAD,0,package controller - class MilestonesController,0.0,0.0,0.0,0.0,0.0,0.0,0.0
HEAD,2,package controller - trait MilestonesControllerBase,0.0,134.0,1.0,134.0,1.0,134.0,1.0
HEAD,0,package controller - trait MilestonesControllerBase - class MilestoneForm,0.0,1.0,1.0,1.0,1.0,1.0,1.0
HEAD,1,package controller - trait MilestonesControllerBase - method uniqueMilestone - <$anon: <error>>,0.0,25.0,1.0,25.0,1.0,25.0,1.0
HEAD,0,package controller - class WikiController,0.0,0.0,0.0,0.0,0.0,0.0,0.0
HEAD,2,package controller - trait WikiControllerBase,4.0,188.0,0.5222222222222223,12.0,0.03333333333333333,77.2,0.21444444444444447
HEAD,0,package controller - trait WikiControllerBase - class WikiPageEditForm,0.0,7.0,1.0,7.0,1.0,7.0,1.0
HEAD,0,package controller - trait WikiControllerBase - method unique - <$anon: <error>>,0.0,16.0,1.0,16.0,1.0,16.0,1.0
HEAD,0,package controller - trait WikiControllerBase - method pageName - <$anon: <error>>,0.0,10.0,1.0,10.0,1.0,10.0,1.0
HEAD,0,package controller - trait WikiControllerBase - method conflictForNew - <$anon: <error>>,0.0,7.0,1.0,7.0,1.0,7.0,1.0
HEAD,0,package controller - trait WikiControllerBase - method conflictForEdit - <$anon: <error>>,0.0,7.0,1.0,7.0,1.0,7.0,1.0
HEAD,0,package api - class UpdateAUser,0.0,9.0,1.0,9.0,1.0,9.0,1.0
HEAD,0,package service - trait RepositorySearchService,5.0,74.0,0.74,2.0,0.02,22.0,0.22
HEAD,0,package service - object RepositorySearchService,0.0,45.0,1.0,45.0,1.0,45.0,1.0
HEAD,0,package service - object RepositorySearchService - class SearchResult,0.0,1.0,1.0,1.0,1.0,1.0,1.0
HEAD,0,package service - object RepositorySearchService - class IssueSearchResult,0.0,10.0,1.0,10.0,1.0,10.0,1.0
HEAD,0,package service - object RepositorySearchService - class FileSearchResult,0.0,6.0,1.0,6.0,1.0,6.0,1.0
HEAD,0,package activity - class IssueCommentInfo,0.0,20.0,1.0,20.0,1.0,20.0,1.0
HEAD,0,package activity - class PullRequestCommentInfo,0.0,20.0,1.0,20.0,1.0,20.0,1.0
HEAD,0,package activity - class CommitCommentInfo,0.0,20.0,1.0,20.0,1.0,20.0,1.0
HEAD,0,package model - trait AccountFederationComponent,0.0,15.0,1.0,15.0,1.0,15.0,1.0
HEAD,0,package model - trait AccountFederationComponent - class AccountFederations,0.0,0.0,0.0,0.0,0.0,0.0,0.0
HEAD,0,package model - class AccountFederation,0.0,1.0,1.0,1.0,1.0,1.0,1.0
HEAD,0,package model - trait AccessTokenComponent,0.0,13.0,1.0,13.0,1.0,13.0,1.0
HEAD,0,package model - trait AccessTokenComponent - class AccessTokens,0.0,0.0,0.0,0.0,0.0,0.0,0.0
HEAD,0,package model - class AccessToken,0.0,6.0,1.0,6.0,1.0,6.0,1.0
HEAD,0,package service - trait CommitStatusService,0.0,89.0,1.0,89.0,1.0,89.0,1.0
HEAD,5,package service - trait AccountService,20.0,87.0,0.25,1.0,0.0028735632183908046,20.142857142857142,0.05788177339901478
HEAD,0,package service - object AccountService,0.0,5.0,1.0,5.0,1.0,5.0,1.0